odscode,caseref,PIDService
I3S0E,CS1784061,139879
J9F4A,CS1784061,139879
J6J5S,CS1784061,139879
L1H4T,CS1784061,139879
M5Q2P,CS1784061,139879
M6C2F,CS1784061,139879
A1S8Q,CS1784061,139879
E6V8H,CS1784061,139879
P1C2D,CS1784061,139879
A2Z8I,CS1784061,139879
H3L1Q,CS1784061,139879
T4M5V,CS1784061,139879
U7L0L,CS1784061,139879
M3V6R,CS1784061,139879
H7S1T,CS1784061,139879
C4A0L,CS1784061,139879
R9B0O,CS1784061,139879
G7U0R,CS1784061,139879
Y4R5X,CS1784061,139879
F0I6F,CS1784061,139879
D5C5V,CS1784061,139879
E1N2L,CS1784061,139879
H9K4G,CS1784061,139879
Y9P6Q,CS1784061,139879
D0J6Q,CS1784061,139879
V9S2I,CS1784061,139879
I1I5H,CS1784061,139879
J7R2C,CS1784061,139879
X7Y4D,CS1784061,139879
L9Z5A,CS1784061,139879
I8V2C,CS1784061,139879
N0Y5Q,CS1784061,139879
D2K7Y,CS1784061,139879
F1J2U,CS1784061,139879
I6H0E,CS1784061,139879
C9C4Z,CS1784061,139879
E2J0W,CS1784061,139879
E9D5K,CS1784061,139879
N3X6Y,CS1784061,139879
K4H7Y,CS1784061,139879
V4B3V,CS1784061,139879
M1D8O,CS1784061,139879
C0X7V,CS1784061,139879
E4M0R,CS1784061,139879
A1K6P,CS1784061,139879
C5I3V,CS1784061,139879
O8K6E,CS1784061,139879
L1N8B,CS1784061,139879
X1G2J,CS1784061,139879
A7E9J,CS1784061,139879
M1F3B,CS1784061,139879
P4P2H,CS1784061,139879
N9B8M,CS1784061,139879
G6J2R,CS1784061,139879
K9E1Y,CS1784061,139879
O5V7X,CS1784061,139879
J7D3U,CS1784061,139879
W4E9X,CS1784061,139879
C5K6C,CS1784061,139879
K6B6M,CS1784061,139879
E6H1X,CS1784061,139879
N1D4V,CS1784061,139879
D5E6R,CS1784061,139879
H4Q5Z,CS1784061,139879
L2O5Y,CS1784061,139879
O7L6X,CS1784061,139879
K9B9R,CS1784061,139879
C6G8M,CS1784061,139879
K5L5A,CS1784061,139879
N3B9Q,CS1784061,139879
G1Y4I,CS1784061,139879
V0P7A,CS1784061,139879
J6J4J,CS1784061,139879
J9K7H,CS1784061,139879
K0L3Z,CS1784061,139879
K4Q1G,CS1784061,139879
K5S2P,CS1784061,139879
K9Q8P,CS1784061,139879
C0K6Y,CS1784061,139879
L4I3Z,CS1784061,139879
L7Q4T,CS1784061,139879
L7T1O,CS1784061,139879
L7T3B,CS1784061,139879
M0U1R,CS1784061,139879
K5D3P,CS1784061,139879
L8Q5D,CS1784061,139879
