odsCode,cdbNumber
FA008,600033282
FA037,600033288
FA041,600033289
FA049,600033292
FA052,600033294
FA058,600033298
FA066,600033300
FA076,600033301
FA084,600033303
FA088,600033305
FA121,600033311
FA129,600033313
FA148,600038995
FA155,600037624
FA174,600037787
FA176,600033322
FA200,600033328
FA207,600033330
FA217,600033331
FA227,600033332
FA231,600033333
FA250,600041198
FA252,600033335
FA256,600033336
FA271,600033339
FA274,600033341
FA290,600033345
FA296,600033347
FA297,600033348
FA316,600000732
FA328,600033353
FA339,600036726
FA342,600033354
FA349,600037233
FA368,600000953
FA369,600033355
FA384,600040617
FA387,600033358
FA391,600000702
FA414,600033365
FA415,600033366
FA430,600042038
FA433,600000848
FA437,600033373
FA448,600090411
FA456,600033377
FA473,600033382
FA482,600033383
FA497,600036038
FA519,600033391
FA536,600040891
FA538,600000875
FA539,600033394
FA544,600033395
FA545,600033396
FA553,600033400
FA561,600033402
FA565,600033404
FA571,600033406
FA595,600091811
FA596,600086541
FA613,600033413
FA632,600033417
FA636,600040703
FA647,600033420
FA653,600033422
FA658,600033423
FA663,600000769
FA669,600036816
FA670,600037823
FA671,600033426
FA673,600033427
FA676,600033429
FA677,600000814
FA688,600033431
FA698,600000419
FA704,600033434
FA709,600033435
FA731,600033438
FA736,600033439
FA737,600033440
FA742,600033441
FA770,600034979
FA773,600033447
FA775,600033448
FA794,600037850
FA818,600033454
FA821,600033456
FA824,600000705
FA847,600001215
FA875,600033463
FA876,600033464
FA884,600039136
FA906,600033469
FA919,600000735
FA945,600033472
FA976,600033473
FAA02,600033475
FAA09,600033476
FAA43,600000171
FAA49,600033481
FAA53,600037619
FAA69,600033483
FAA83,600000263
FAA94,600033484
FAC00,600033485
FAC02,600033486
FAC08,600033487
FAC25,600033490
FAC36,600033492
FAC55,600033494
FAC64,600033496
FAC71,600000787
FAC81,600033498
FAC82,600033499
FAD08,600033504
FAD13,600001196
FAD26,600043270
FAD69,600035609
FAD89,600000674
FAD92,600033516
FAE00,600033519
FAE25,600036492
FAE26,600033522
FAE37,600033524
FAE51,600033527
FAE57,600000837
FAE81,600040831
FAE86,600000716
FAE92,600033533
FAF04,600033513
FAF05,600094701
FAF29,600033540
FAF31,600033216
FAF34,600033541
FAF47,600033545
FAF52,600033547
FAF65,600033548
FAF69,600033549
FAF76,600033550
FAF84,600033887
FAF91,600033551
FAF98,600033553
FAG01,600033554
FAG14,600033556
FAG20,600033558
FAG42,600033561
FAG47,600034007
FAG52,600042321
FAG61,600033562
FAG79,600033564
FAG81,600033566
FAG83,600033567
FAH10,600033572
FAH16,600033574
FAH18,600033575
FAH31,600033578
FAH36,600033580
FAH58,600000790
FAH73,600042304
FAH83,600043722
FAH85,600033586
FAJ00,600033588
FAJ15,600033592
FAJ19,600033593
FAJ38,600000753
FAJ46,600033596
FAJ48,600033597
FAJ57,600033599
FAJ75,600039183
FAJ76,600033600
FAJ83,600039942
FAJ98,600043615
FAK06,600033608
FAK16,600033609
FAK33,600033612
FAK52,600033617
FAK78,600033622
FAK79,600033623
FAK80,600033624
FAK83,600033625
FAL02,600040784
FAL03,600033627
FAL04,600033628
FAL14,600033631
FAL24,600042962
FAL25,600033633
FAL29,600033634
FAL33,600033635
FAL49,600033640
FAL54,600033641
FAL67,600041195
FAM03,600033653
FAM05,600033543
FAM12,600033654
FAM17,600033656
FAM62,600033660
FAM66,600033661
FAM79,600033664
FAM85,600001202
FAM90,600033665
FAM93,600033666
FAM95,600033667
FAN08,600033671
FAN35,600033674
FAN38,600034977
FAN43,600033675
FAN50,600033392
FAN61,600033677
FAN67,600033679
FAN75,600033682
FAN94,600089281
FAN95,600033217
FAP12,600036460
FAP17,600038844
FAP25,600033687
FAP40,600033691
FAP44,600033692
FAP45,600033693
FAP54,600033695
FAP57,600033696
FAP59,600033697
FAP80,600033700
FAP90,600033701
FAP99,600033703
FAQ06,600089931
FAQ22,600033706
FAQ24,600033707
FAQ36,600042450
FAQ38,600036482
FAQ51,600033714
FAQ59,600033716
FAQ61,600033717
FAQ64,600033720
FAQ87,600033722
FAR04,600033724
FAR16,600033725
FAR24,600033727
FAR28,600033728
FAR64,600033733
FAR67,600033736
FAR75,600033737
FAT05,600035747
FAT07,600035831
FAT08,600000580
FAT67,600033750
FAT69,600033752
FAT70,600001257
FAV22,600033760
FAV34,600033764
FAV45,600042335
FAV53,600033767
FAV70,600041173
FAV83,600042263
FAW01,600035531
FAW19,600033773
FAW39,600033775
FAW56,600033778
FAW73,600001182
FAW77,600034823
FAW93,600033782
FAX00,600037006
FAX03,600034957
FAX17,600041778
FAX21,600033789
FAX22,600033790
FAX31,600033791
FAX39,600039180
FAX44,600033793
FAX49,600033805
FAX58,600033795
FAX78,600033798
FAX82,600033800
FAX94,600033803
FAY20,600037226
FAY41,600033806
FAY44,600033808
FAY45,600033809
FAY51,600033810
FAY98,600033814
FC001,600035125
FC007,600033817
FC009,600033818
FC015,600042690
FC028,600033823
FC029,600041463
FC031,600040271
FC045,600033826
FC061,600033830
FC067,600000386
FC072,600033832
FC083,600033835
FC084,600033836
FC090,600036902
FC091,600033838
FC096,600033840
FC104,600042970
FC109,600033842
FC116,600033844
FC155,600033847
FC177,600033854
FC198,600033860
FC215,600033862
FC221,600033865
FC230,600089061
FC248,600033869
FC253,600033870
FC269,600091771
FC300,600033881
FC301,600033882
FC307,600033883
FC312,600033885
FC318,600033886
FC320,600000810
FC324,600033889
FC331,600033892
FC336,600033894
FC337,600033895
FC339,600033896
FC368,600001235
FC380,600037811
FC396,600033906
FC400,600033909
FC408,600000172
FC419,600033915
FC420,600033916
FC432,600033917
FC434,600036655
FC436,600037761
FC440,600033238
FC443,600033919
FC447,600001050
FC472,600033927
FC484,600033930
FC486,600033218
FC495,600033932
FC500,600033933
FC501,600033934
FC506,600033936
FC528,600038437
FC540,600000856
FC542,600033946
FC547,600033947
FC549,600033949
FC554,600033951
FC561,600034555
FC574,600033955
FC583,600033956
FC602,600040865
FC667,600033966
FC683,600033969
FC693,600033974
FC707,600033977
FC720,600033979
FC722,600033980
FC731,600034403
FC741,600033983
FC757,600001017
FC776,600000945
FC777,600033987
FC787,600000250
FC789,600033989
FC797,600033991
FC815,600033994
FC816,600040556
FC818,600092461
FC832,600033998
FC857,600034000
FC859,600034001
FC864,600034003
FC880,600034006
FC884,600039705
FC895,600042626
FC898,600034010
FC958,600034015
FC968,600034017
FC972,600001236
FC991,600000758
FC997,600034019
FCA00,600034020
FCA27,600040340
FCA77,600034025
FCC02,600034027
FCC05,600034028
FCC18,600034030
FCC27,600034031
FCC37,600034033
FCC39,600033859
FCC58,600034036
FCC65,600001011
FCC69,600043766
FCD08,600033219
FCD13,600034043
FCD37,600034044
FCD79,600035840
FCD83,600042375
FCE18,600034048
FCE26,600034050
FCE37,600036563
FCE38,600034052
FCE39,600000387
FCE42,600034053
FCE76,600034058
FCE79,600034059
FCE94,600034063
FCF02,600034064
FCF11,600034066
FCF18,600034069
FCF21,600034070
FCF31,600034074
FCF47,600034076
FCF54,600036162
FCF66,600034079
FCF82,600034082
FCG05,600043737
FCG07,600034090
FCG10,600034091
FCG18,600034093
FCG26,600034095
FCG28,600034096
FCG29,600034097
FCG39,600034098
FCG62,600034102
FCG94,600034106
FCH04,600034932
FCH09,600034110
FCH16,600034111
FCH32,600034114
FCH47,600037359
FCH51,600034115
FCH56,600034116
FCH57,600034117
FCH60,600034118
FCH75,600034121
FCH78,600034123
FCH85,600036059
FCH97,600044161
FCJ00,600034126
FCJ05,600034129
FCJ39,600036703
FCJ53,600034137
FCJ67,600034142
FCJ71,600034143
FCJ72,600034144
FCJ99,600034148
FCK23,600034152
FCK24,600034153
FCK30,600000203
FCK48,600034159
FCK50,600034160
FCK54,600034161
FCK57,600034162
FCK75,600034164
FCK76,600034165
FCK86,600034167
FCK87,600034168
FCK97,600041795
FCL01,600034172
FCL02,600039298
FCL17,600034177
FCL20,600033285
FCL44,600034183
FCL69,600034187
FCL91,600034190
FCL96,600035319
FCM01,600034192
FCM04,600034194
FCM07,600034195
FCM12,600042277
FCM15,600041066
FCM31,600034197
FCM43,600034201
FCM46,600034202
FCM77,600034211
FCM82,600043147
FCM91,600034214
FCN01,600041702
FCN03,600034217
FCN04,600034218
FCN10,600034219
FCN12,600034220
FCN14,600034221
FCN15,600033462
FCN37,600034225
FCN49,600034228
FCN52,600034229
FCN66,600034232
FCN75,600034236
FCN77,600034237
FCN91,600034239
FCN97,600034240
FCP03,600033584
FCP08,600034241
FCP17,600034244
FCP28,600034246
FCP33,600034248
FCP48,600034249
FCP54,600034252
FCP81,600034259
FCP93,600034262
FCP96,600037083
FCP97,600039443
FCQ01,600034526
FCQ11,600034264
FCQ13,600034265
FCQ18,600041165
FCQ33,600034267
FCQ40,600037515
FCQ45,600034270
FCQ48,600039139
FCQ67,600040459
FCQ75,600034272
FCQ82,600034274
FCQ86,600034275
FCR08,600034280
FCR09,600034281
FCR13,600036002
FCR27,600034283
FCR41,600034286
FCR72,600034290
FCR80,600034293
FCT06,600034295
FCT22,600033532
FCT29,600034298
FCT36,600096031
FCT37,600034300
FCT38,600034301
FCT46,600034302
FCT47,600043730
FCT54,600034305
FCT56,600034307
FCT66,600038961
FCT70,600034310
FCT72,600001041
FCT73,600034311
FCT78,600034313
FCT82,600040213
FCT98,600034315
FCV04,600034317
FCV08,600034318
FCV29,600034320
FCV30,600036580
FCV45,600041026
FCV46,600034325
FCV56,600034328
FCV80,600034331
FCV85,600037765
FCV91,600034337
FCV96,600040116
FCW00,600034339
FCW09,600040440
FCW18,600034342
FCW19,600040411
FCW35,600039521
FCW38,600095931
FCW64,600034348
FCW68,600039782
FCW73,600034016
FCW74,600041324
FCX14,600099801
FCX15,600034356
FCX16,600034357
FCX18,600037773
FCX28,600034360
FCX40,600034362
FCX44,600038136
FCX45,600034363
FCX56,600034366
FCX65,600034368
FCX81,600034370
FCX86,600034373
FCX89,600034374
FCX95,600034376
FCY04,600034378
FCY14,600034379
FCY53,600034381
FCY70,600034384
FCY71,600043149
FCY75,600034385
FCY92,600040492
FD004,600034388
FD010,600034390
FD017,600034393
FD026,600034395
FD032,600034398
FD037,600087481
FD040,600034400
FD048,600034401
FD049,600085851
FD082,600034405
FD095,600034408
FD098,600034409
FD114,600034413
FD122,600034416
FD124,600034417
FD125,600034418
FD131,600034420
FD144,600034421
FD158,600034422
FD163,600034423
FD183,600087371
FD185,600034428
FD189,600042965
FD190,600034429
FD192,600034430
FD199,600034434
FD201,600043235
FD204,600034435
FD207,600000924
FD209,600034436
FD216,600000850
FD217,600034438
FD222,600036611
FD239,600039477
FD243,600034439
FD245,600034440
FD255,600036259
FD263,600034442
FD286,600000582
FD289,600034448
FD297,600034451
FD300,600034452
FD303,600038897
FD327,600034454
FD329,600034455
FD330,600034456
FD336,600034457
FD357,600033967
FD358,600089871
FD365,600034462
FD394,600034466
FD403,600034468
FD408,600034469
FD418,600034471
FD422,600034473
FD423,600087261
FD441,600034477
FD444,600034478
FD451,600043483
FD454,600034481
FD459,600034482
FD477,600034485
FD484,600034487
FD485,600034488
FD490,600000569
FD495,600034490
FD496,600034491
FD501,600034492
FD513,600034495
FD522,600034496
FD527,600034497
FD532,600034498
FD543,600034501
FD551,600034504
FD555,600034506
FD562,600038465
FD563,600034508
FD564,600034951
FD568,600034509
FD597,600034511
FD615,600000211
FD620,600035165
FD635,600034515
FD637,600094861
FD642,600034516
FD643,600038032
FD645,600000761
FD647,600042811
FD650,600034124
FD652,600034518
FD667,600033297
FD674,600034521
FD680,600034523
FD700,600042231
FD732,600034534
FD738,600034535
FD749,600034539
FD758,600000249
FD765,600034705
FD770,600034544
FD772,600036614
FD819,600034554
FD841,600087031
FD849,600034563
FD852,600038452
FD862,600093851
FD864,600034564
FD869,600038080
FD876,600034567
FD894,600034571
FD896,600034572
FD897,600034573
FD898,600034574
FD905,600034575
FD932,600000584
FD976,600034579
FD996,600034580
FDA03,600034583
FDA05,600034585
FDA09,600034586
FDA10,600034587
FDA21,600034590
FDA30,600034592
FDA50,600043236
FDA58,600034596
FDA63,600034598
FDA71,600034599
FDA74,600037152
FDA75,600034601
FDA82,600039256
FDC03,600000731
FDC04,600039941
FDC23,600034608
FDC27,600040977
FDC39,600039138
FDC53,600034612
FDC60,600088701
FDC63,600034615
FDC65,600043769
FDC87,600034620
FDC89,600034621
FDD08,600034623
FDD30,600034628
FDD67,600034633
FDD68,600000382
FDD71,600034634
FDD79,600034636
FDD84,600034637
FDD96,600034640
FDE08,600034642
FDE23,600034647
FDE39,600035128
FDE47,600034649
FDE75,600034651
FDE79,600034652
FDF09,600034654
FDF16,600034656
FDF19,600034658
FDF27,600034660
FDF31,600034661
FDF32,600034662
FDF35,600034663
FDF46,600034664
FDF64,600034665
FDF72,600034666
FDF74,600034667
FDF79,600034668
FDF87,600034670
FDG33,600034673
FDG35,600034674
FDG60,600034676
FDG70,600040055
FDG73,600034679
FDG75,600034680
FDG90,600034681
FDH02,600034683
FDH13,600034684
FDH15,600034685
FDH18,600034686
FDH21,600034688
FDH26,600034690
FDH31,600034692
FDH51,600033785
FDJ03,600034700
FDJ19,600034703
FDJ32,600034704
FDJ72,600043125
FDJ84,600034709
FDK02,600034711
FDK05,600034712
FDK08,600034713
FDK14,600034714
FDK32,600034717
FDK37,600034719
FDK51,600034722
FDK64,600041412
FDK67,600034725
FDK71,600036408
FDK93,600034729
FDL01,600041947
FDL08,600000643
FDL22,600034736
FDL37,600043156
FDL50,600043800
FDL52,600034741
FDL64,600034746
FDL70,600035053
FDL72,600000819
FDL81,600038599
FDL90,600036592
FDL91,600041316
FDL95,600034945
FDM06,600034751
FDM21,600034754
FDM43,600034755
FDM72,600000783
FDM78,600036903
FDM89,600034757
FDN07,600042831
FDN20,600034760
FDN22,600034761
FDN26,600034763
FDN29,600034014
FDN39,600034767
FDN49,600041825
FDN63,600035351
FDN73,600034771
FDN74,600034772
FDN82,600034773
FDN85,600034775
FDN93,600034778
FDO83,600043768
FDP00,600034779
FDP02,600043812
FDP07,600034782
FDP16,600034784
FDP34,600034790
FDP62,600036346
FDP63,600034794
FDP74,600034797
FDP99,600037727
FDQ13,600041542
FDQ17,600034805
FDQ29,600034808
FDQ48,600034814
FDQ50,600034815
FDQ84,600034818
FDR30,600034828
FDR43,600034831
FDR49,600042681
FDR59,600034833
FDR65,600034834
FDR78,600001245
FDR86,600038753
FDR89,600034838
FDR90,600041421
FDR92,600034839
FDR951,600035221
FDT00,600041127
FDT12,600034843
FDT21,600000937
FDT31,600035615
FDT34,600034849
FDT37,600034850
FDT46,600039813
FDT50,600036854
FDT60,600035874
FDT70,600034855
FDT71,600035386
FDT85,600034856
FDT86,600034857
FDT87,600034858
FDT91,600037795
FDV08,600034862
FDV31,600035360
FDV33,600000571
FDV38,600034864
FDV51,600034866
FDV53,600034867
FDV73,600035233
FDV77,600034870
FDV91,600086571
FDV92,600034873
FDW12,600092591
FDW13,600038999
FDW35,600034879
FDW42,600035807
FDW45,600034880
FDW52,600034881
FDW83,600034886
FDW87,600001276
FDW90,600034350
FDW95,600037090
FDX30,600040793
FDX41,600037175
FDX42,600034894
FDX58,600034899
FDX68,600034903
FDX70,600034904
FDX88,600034907
FDX94,600034909
FDY08,600034911
FDY09,600001164
FDY10,600034912
FDY14,600034994
FDY35,600034913
FDY44,600043770
FDY49,600036566
FDY54,600034915
FDY75,600034918
FDY85,600036864
FDY87,600034921
FDY88,600034922
FE003,600000813
FE004,600034924
FE006,600034925
FE018,600034928
FE026,600034933
FE042,600037141
FE044,600034937
FE047,600034938
FE049,600034939
FE054,600034941
FE055,600034942
FE077,600034949
FE097,600034954
FE106,600034955
FE152,600034965
FE163,600034969
FE164,600034970
FE174,600034973
FE181,600034974
FE186,600034976
FE188,600034978
FE204,600034984
FE205,600034985
FE215,600034987
FE230,600034990
FE246,600034991
FE255,600035930
FE259,600039890
FE260,600034993
FE288,600034999
FE289,600035000
FE294,600038364
FE295,600035001
FE308,600035003
FE318,600098921
FE319,600098421
FE320,600035008
FE323,600035009
FE336,600035011
FE348,600035013
FE360,600035015
FE361,600037468
FE369,600000860
FE374,600035016
FE379,600035017
FE385,600035018
FE394,600035020
FE397,600035022
FE403,600001155
FE404,600035024
FE423,600035028
FE434,600035029
FE452,600041436
FE454,600035033
FE480,600035037
FE483,600036127
FE492,600035040
FE508,600035042
FE513,600035043
FE521,600035044
FE534,600087761
FE548,600035046
FE564,600037344
FE575,600043062
FE584,600034475
FE590,600035049
FE597,600035051
FE606,600035054
FE612,600035055
FE649,600035059
FE658,600035062
FE685,600035069
FE691,600035071
FE699,600035075
FE703,600035077
FE712,600035082
FE714,600000280
FE723,600035084
FE727,600035085
FE729,600035086
FE733,600035087
FE736,600001080
FE758,600035090
FE776,600035092
FE785,600035094
FE788,600000996
FE793,600042188
FE805,600035097
FE841,600035101
FE843,600035102
FE845,600035104
FE862,600037098
FE880,600035110
FE883,600035111
FE890,600035113
FE912,600035116
FE952,600035119
FE985,600035120
FE995,600035122
FE997,600035123
FEA00,600035124
FEA03,600035126
FEA06,600042867
FEA35,600000393
FEA47,600042982
FEA53,600038171
FEA64,600035133
FEA80,600035688
FEA83,600035134
FEA90,600035135
FEC01,600035138
FEC09,600035141
FEC14,600035142
FEC17,600035143
FEC33,600034174
FEC34,600038842
FEC38,600043099
FEC53,600040157
FEC57,600035056
FEC61,600035150
FEC64,600039141
FEC70,600040501
FEC88,600033940
FEC90,600042005
FED01,600035155
FED17,600035157
FED28,600035158
FED34,600035160
FED38,600035161
FED61,600035164
FED72,600041724
FED84,600040287
FED94,600093661
FEE04,600043518
FEE11,600035171
FEE20,600035172
FEE21,600035173
FEE33,600035174
FEE48,600035176
FEE74,600035178
FEE95,600035181
FEE96,600035182
FEE99,600035183
FEF01,600035184
FEF03,600037040
FEF06,600035185
FEF09,600035187
FEF27,600035192
FEF40,600035193
FEF49,600043773
FEF66,600038814
FEF71,600039028
FEF75,600035200
FEF85,600035202
FEF86,600035203
FEF88,600035204
FEF96,600035206
FEG11,600035209
FEG24,600035213
FEG29,600035215
FEG61,600035218
FEG71,600035220
FEH10,600035229
FEH11,600035230
FEH17,600042568
FEH23,600035234
FEH50,600035237
FEH76,600035241
FEH98,600035244
FEJ12,600035247
FEJ23,600035289
FEJ25,600035250
FEJ28,600043389
FEJ29,600035251
FEJ35,600035253
FEJ48,600035258
FEJ53,600039510
FEJ56,600035260
FEJ64,600037656
FEJ71,600035263
FEJ74,600035264
FEJ76,600035265
FEJ77,600035266
FEJ93,600041603
FEK06,600035271
FEK11,600035273
FEK22,600000818
FEK34,600000700
FEK84,600035283
FEK98,600035285
FEL00,600040341
FEL08,600034083
FEL21,600035290
FEL23,600035291
FEL24,600035292
FEL27,600035293
FEL30,600000576
FEL35,600035295
FEL59,600036427
FEL76,600035300
FEL77,600000688
FEL85,600034578
FEL94,600035303
FEM03,600034566
FEM12,600000750
FEM25,600035310
FEM28,600035312
FEM40,600035316
FEM42,600035317
FEM45,600039525
FEM60,600033224
FEM67,600035261
FEM75,600035322
FEM83,600035323
FEN03,600043844
FEN20,600035332
FEN32,600035334
FEN40,600035336
FEN54,600035338
FEN61,600035339
FEN63,600035340
FEN68,600035342
FEN95,600038065
FEN99,600035348
FEP19,600001018
FEP27,600035147
FEP39,600035353
FEP64,600035356
FEP75,600035357
FEP81,600035359
FEP92,600035362
FEQ03,600042526
FEQ56,600092481
FEQ61,600035369
FEQ63,600043661
FEQ64,600000853
FEQ70,600000429
FEQ73,600043754
FEQ84,600035371
FEQ90,600040422
FEQ98,600035373
FER02,600039553
FER20,600035374
FER21,600035375
FER37,600035379
FER38,600035380
FER40,600035381
FER67,600035385
FER74,600035355
FER87,600035392
FER94,600033704
FET01,600035394
FET15,600039748
FET26,600035400
FET42,600035403
FET52,600035405
FET61,600035406
FET66,600035407
FET87,600035410
FET99,600035413
FEV02,600035414
FEV03,600000704
FEV24,600087411
FEV31,600034347
FEV35,600035423
FEV46,600035425
FEV47,600035426
FEV61,600035428
FEV63,600035429
FEV71,600035430
FEV79,600035432
FEV94,600035437
FEW00,600033528
FEW06,600041297
FEW25,600000682
FEW32,600035438
FEW47,600035440
FEW57,600041763
FEW67,600042859
FEW75,600035444
FEW89,600035926
FEW99,600037056
FEX08,600035449
FEX20,600041757
FEX24,600096111
FEX27,600035452
FEX28,600034333
FEX31,600000646
FEX32,600035453
FEX33,600035454
FEX35,600000940
FEX37,600041948
FEX56,600035457
FEX64,600035460
FEX76,600035462
FEX84,600035463
FEX93,600035466
FEY11,600035468
FEY18,600036242
FEY31,600035470
FEY88,600035473
FF004,600035474
FF009,600035475
FF015,600035476
FF020,600035478
FF021,600035479
FF028,600035480
FF045,600000990
FF055,600035485
FF058,600086481
FF059,600039375
FF082,600039374
FF084,600040901
FF092,600035492
FF097,600000834
FF102,600035495
FF119,600040319
FF120,600035499
FF141,600035501
FF166,600035507
FF184,600035512
FF197,600035514
FF200,600035515
FF205,600035796
FF210,600035518
FF222,600035520
FF229,600040841
FF239,600037752
FF240,600035523
FF241,600035524
FF255,600035526
FF269,600035529
FF270,600035530
FF273,600035532
FF286,600035535
FF297,600035537
FF299,600035539
FF305,600000772
FF312,600000257
FF326,600033537
FF338,600035545
FF341,600035546
FF347,600035548
FF360,600035550
FF368,600035554
FF373,600035556
FF376,600035557
FF379,600035559
FF385,600035560
FF386,600035561
FF391,600035563
FF403,600035565
FF421,600035566
FF426,600035567
FF430,600035568
FF435,600035570
FF441,600035572
FF475,600035577
FF483,600035578
FF498,600035583
FF501,600035584
FF509,600035586
FF519,600035587
FF521,600035588
FF526,600035589
FF533,600035591
FF535,600037227
FF553,600035596
FF575,600035602
FF592,600035603
FF596,600035604
FF604,600035607
FF615,600035083
FF630,600035612
FF631,600035613
FF638,600035616
FF646,600035619
FF647,600035620
FF650,600035621
FF663,600035623
FF671,600041210
FF689,600035627
FF698,600035629
FF708,600000701
FF713,600088071
FF731,600041326
FF737,600035639
FF739,600035641
FF773,600001248
FF784,600035648
FF785,600089241
FF787,600035650
FF788,600035651
FF791,600035652
FF812,600035654
FF819,600035656
FF826,600035657
FF831,600035661
FF832,600035662
FF850,600035665
FF862,600035667
FF864,600042044
FF878,600035669
FF903,600035672
FF910,600035673
FF912,600035674
FF922,600035675
FF987,600035679
FFA03,600035683
FFA36,600037683
FFA38,600035686
FFA41,600000841
FFA47,600038460
FFA48,600037542
FFA91,600035694
FFC01,600000740
FFC04,600001279
FFC15,600090321
FFC36,600035701
FFC49,600035703
FFC53,600036449
FFC93,600035709
FFC94,600040877
FFC95,600035710
FFD30,600034697
FFD48,600001086
FFD60,600039363
FFD76,600000846
FFD91,600034353
FFD93,600035722
FFE24,600035726
FFE28,600042402
FFE41,600000436
FFE44,600035728
FFE70,600035732
FFE75,600035735
FFE81,600035738
FFE82,600043554
FFE83,600034251
FFE98,600035740
FFF02,600035742
FFF04,600035743
FFF08,600035745
FFF12,600035746
FFF23,600035749
FFF41,600035752
FFF50,600035755
FFF58,600035756
FFF63,600035757
FFF68,600035758
FFF79,600038556
FFF81,600035760
FFF85,600042719
FFF90,600039428
FFG07,600035763
FFG18,600000579
FFG29,600035767
FFG36,600035768
FFG38,600035769
FFG61,600035770
FFG68,600038704
FFG82,600035772
FFG97,600035776
FFG99,600035777
FFH03,600035779
FFH10,600035780
FFH18,600035782
FFH21,600035784
FFH24,600035785
FFH25,600035786
FFH35,600035789
FFH36,600035725
FFH39,600035790
FFH44,600035791
FFH59,600033937
FFH75,600035793
FFH81,600000720
FFH97,600000662
FFJ10,600035798
FFJ15,600035800
FFJ22,600035803
FFJ48,600035808
FFJ77,600035811
FFJ81,600000407
FFJ83,600035812
FFK27,600035816
FFK32,600035818
FFK37,600035819
FFK74,600035824
FFK75,600088581
FFK86,600035828
FFL12,600038343
FFL35,600035833
FFM05,600039677
FFM28,600035843
FFM40,600035845
FFM76,600035849
FFM89,600000252
FFN11,600035853
FFN14,600000411
FFN20,600038636
FFN21,600035854
FFN64,600035856
FFN78,600035857
FFN80,600035858
FFN98,600035862
FFP01,600035863
FFP05,600036573
FFP06,600001266
FFP08,600035864
FFP09,600035865
FFP12,600042240
FFP17,600035868
FFP30,600035871
FFP49,600035877
FFP59,600043071
FFP65,600035880
FFP67,600035881
FFP70,600034045
FFP76,600035883
FFP86,600035886
FFQ20,600037078
FFQ25,600033530
FFQ39,600035892
FFQ42,600035893
FFQ59,600035899
FFQ95,600035829
FFQ96,600033719
FFQ99,600035906
FFR00,600001071
FFR05,600035140
FFR06,600035907
FFR19,600035910
FFR23,600088191
FFR51,600035914
FFR55,600035915
FFR64,600035917
FFR74,600035920
FFR82,600035921
FFR85,600035922
FFR87,600035923
FFT01,600035925
FFT05,600036693
FFT17,600037894
FFT63,600000929
FFT67,600035933
FFT68,600035934
FFT69,600035935
FFT72,600035937
FFT75,600035939
FFT88,600001283
FFT89,600034981
FFT99,600035943
FFV01,600035944
FFV03,600035945
FFV18,600035949
FFV19,600035950
FFV36,600035952
FFV49,600035955
FFV56,600035956
FFV57,600035957
FFV61,600035958
FFV68,600035960
FFV74,600035961
FFV90,600035962
FFV94,600085321
FFV95,600040051
FFW04,600038140
FFW07,600035965
FFW20,600035967
FFW23,600035065
FFW32,600033381
FFW39,600042380
FFW67,600035969
FFW69,600034865
FFW86,600041684
FFW87,600043549
FFX11,600035978
FFX25,600035979
FFX34,600041992
FFX49,600035982
FFX77,600035989
FFX78,600035990
FFX82,600036236
FFX93,600034072
FFY02,600035995
FFY14,600033914
FFY48,600035997
FFY53,600035998
FFY65,600000957
FFY87,600036001
FFY99,600001002
FG001,600036003
FG008,600036005
FG011,600036006
FG012,600036007
FG017,600001261
FG019,600000402
FG029,600036012
FG043,600036016
FG050,600036018
FG051,600036019
FG057,600036021
FG077,600036029
FG085,600036030
FG093,600036032
FG094,600000832
FG096,600036033
FG099,600036035
FG103,600036037
FG118,600036040
FG161,600033414
FG165,600036044
FG167,600000829
FG181,600036046
FG189,600036047
FG191,600042203
FG196,600036048
FG198,600036049
FG199,600039608
FG220,600000618
FG227,600036056
FG233,600036058
FG236,600036060
FG241,600037322
FG268,600036064
FG275,600036067
FG288,600036070
FG302,600041885
FG324,600036077
FG325,600033371
FG334,600036079
FG337,600036080
FG343,600036081
FG352,600036082
FG364,600036084
FG366,600036085
FG368,600040608
FG374,600036087
FG375,600036088
FG377,600001180
FG402,600036090
FG413,600000864
FG416,600036093
FG422,600000570
FG424,600036096
FG436,600034584
FG463,600036106
FG469,600036108
FG475,600036109
FG479,600034103
FG484,600036110
FG498,600036115
FG500,600036116
FG509,600036118
FG513,600036120
FG519,600043776
FG545,600036123
FG548,600036124
FG551,600095881
FG568,600037254
FG591,600038943
FG606,600036136
FG618,600033751
FG621,600036141
FG640,600043585
FG668,600001087
FG671,600036149
FG680,600036150
FG698,600036151
FG714,600036157
FG718,600036159
FG723,600037661
FG727,600036161
FG757,600036168
FG759,600036169
FG774,600036174
FG775,600036175
FG781,600000178
FG786,600036177
FG789,600036178
FG803,600041646
FG807,600040267
FG811,600036184
FG837,600036187
FG847,600038916
FG850,600036188
FG853,600042630
FG856,600093571
FG862,600036191
FG863,600036192
FG866,600036193
FG885,600036196
FG889,600036197
FG894,600036198
FG915,600036199
FG960,600036202
FG989,600036208
FGA03,600036213
FGA17,600087641
FGA35,600036217
FGA49,600039447
FGA50,600037907
FGA51,600036220
FGA56,600036221
FGA58,600036222
FGA65,600040842
FGA96,600036226
FGA97,600036227
FGC04,600036228
FGC11,600036230
FGC13,600036232
FGC22,600036237
FGC27,600036498
FGC34,600036238
FGC47,600036241
FGC49,600086041
FGC54,600036244
FGC56,600000778
FGC72,600036330
FGC78,600040669
FGC79,600036247
FGD09,600036251
FGD14,600036254
FGD16,600036255
FGD18,600036256
FGD30,600038759
FGD60,600036262
FGD64,600036263
FGD89,600036269
FGD94,600036270
FGE03,600036271
FGE07,600036272
FGE19,600036274
FGE24,600036275
FGE70,600036284
FGE80,600036285
FGF14,600038093
FGF23,600036289
FGF25,600036290
FGF31,600036291
FGF35,600036292
FGF55,600036295
FGF60,600043362
FGF71,600036299
FGF91,600033891
FGG19,600036304
FGG26,600036308
FGG30,600036309
FGG53,600036313
FGG61,600040999
FGG64,600036315
FGG76,600036316
FGG82,600036317
FGG85,600036318
FGG92,600036319
FGH18,600036323
FGH19,600036324
FGH33,600001035
FGH34,600036327
FGH61,600036331
FGH83,600036333
FGH86,600036334
FGH89,600036335
FGH93,600036336
FGJ17,600089031
FGJ19,600040002
FGJ24,600036345
FGJ30,600037420
FGJ36,600036349
FGJ47,600036351
FGJ48,600036352
FGJ50,600034397
FGJ51,600036353
FGJ60,600035806
FGJ61,600036355
FGJ68,600036356
FGJ87,600036359
FGJ96,600040407
FGK01,600036361
FGK08,600036363
FGK20,600033232
FGK28,600036367
FGK40,600036369
FGK44,600036371
FGK55,600036372
FGK63,600036374
FGK78,600039708
FGK85,600001185
FGK88,600036378
FGK90,600036379
FGK97,600036381
FGL30,600036385
FGL41,600036391
FGL66,600036397
FGL69,600036398
FGL77,600036399
FGL99,600036400
FGM13,600036404
FGM17,600086831
FGM62,600091891
FGM80,600036410
FGM88,600036411
FGM91,600036413
FGM92,600036414
FGN03,600037697
FGN07,600036417
FGN22,600035175
FGN28,600036422
FGN62,600036424
FGN78,600000610
FGN94,600036428
FGN97,600036429
FGP62,600037235
FGP78,600033233
FGP83,600036441
FGP88,600036443
FGP94,600036444
FGQ07,600033410
FGQ24,600036451
FGQ30,600036452
FGQ38,600037942
FGQ44,600036455
FGQ49,600036456
FGQ52,600036457
FGQ69,600036461
FGQ89,600037283
FGQ94,600040310
FGR00,600036468
FGR05,600036469
FGR11,600036471
FGR18,600036472
FGR30,600042165
FGR31,600036475
FGR40,600036478
FGR42,600036479
FGR47,600036480
FGR53,600036481
FGR61,600036483
FGT02,600094441
FGT31,600036496
FGT37,600036497
FGT42,600036499
FGT61,600033863
FGT84,600033908
FGT95,600000747
FGV05,600039544
FGV13,600036505
FGV18,600000963
FGV21,600036507
FGV24,600036508
FGV28,600041715
FGV40,600036511
FGV41,600036446
FGV54,600036515
FGV62,600038102
FGV91,600036518
FGW13,600043413
FGW16,600036523
FGW26,600040350
FGW44,600033755
FGW47,600036524
FGW59,600087041
FGW79,600036528
FGW91,600038834
FGX03,600036533
FGX20,600034900
FGX21,600036536
FGX29,600033581
FGX30,600036537
FGX57,600036545
FGX59,600041512
FGX74,600035897
FGX80,600043019
FGX83,600000955
FGX97,600036549
FGY05,600036964
FGY10,600036551
FGY12,600036552
FGY19,600036553
FGY24,600036011
FGY47,600039329
FGY58,600036556
FGY59,600037076
FGY70,600036557
FGY83,600036558
FH003,600036559
FH013,600036561
FH019,600036562
FH052,600038670
FH064,600036571
FH084,600036574
FH087,600036576
FH090,600036577
FH092,600036578
FH099,600036581
FH135,600041482
FH171,600036590
FH184,600040356
FH193,600042528
FH206,600036595
FH208,600036596
FH211,600036598
FH213,600036599
FH233,600036600
FH238,600036602
FH275,600036605
FH292,600036608
FH304,600036609
FH317,600036612
FH330,600036588
FH337,600037264
FH358,600036618
FH363,600038268
FH367,600036620
FH401,600036627
FH405,600036628
FH411,600036630
FH432,600036632
FH448,600043579
FH462,600042885
FH466,600085741
FH469,600036636
FH473,600036638
FH482,600000667
FH490,600085651
FH500,600036640
FH505,600039950
FH517,600041037
FH531,600036644
FH546,600000885
FH585,600036649
FH594,600036651
FH618,600036657
FH641,600036660
FH645,600036661
FH649,600036662
FH654,600038299
FH657,600033269
FH669,600036666
FH673,600036667
FH692,600036671
FH709,600036675
FH715,600034297
FH716,600036676
FH718,600033407
FH723,600036678
FH728,600036680
FH732,600036681
FH736,600036683
FH749,600036685
FH752,600036687
FH756,600036689
FH779,600033569
FH793,600036778
FH815,600036697
FH819,600036698
FH825,600036700
FH826,600036701
FH834,600036704
FH847,600038188
FH880,600036709
FH899,600036714
FH903,600036715
FHA20,600036722
FHA46,600001047
FHA50,600036728
FHA51,600041450
FHA62,600040311
FHA69,600036731
FHA87,600040805
FHA94,600035759
FHA97,600000574
FHC09,600036737
FHC12,600036738
FHC28,600035543
FHC36,600036742
FHC47,600036744
FHC61,600088381
FHC68,600036746
FHC86,600036749
FHC98,600036752
FHD04,600036754
FHD06,600036755
FHD19,600036759
FHD21,600036760
FHD24,600036761
FHD30,600036763
FHD46,600001107
FHD63,600040090
FHD65,600036768
FHE39,600036775
FHE41,600036776
FHE42,600036777
FHE68,600042433
FHE74,600036784
FHE83,600036787
FHE89,600036788
FHE91,600001278
FHE93,600036789
FHE99,600036606
FHF10,600036793
FHF15,600036795
FHF20,600000729
FHF35,600036800
FHF37,600036801
FHF47,600036948
FHF65,600036808
FHF67,600036809
FHF75,600036811
FHF78,600036812
FHF80,600036813
FHF91,600036815
FHG17,600034801
FHG20,600000703
FHG31,600036818
FHG32,600036819
FHG42,600036821
FHG47,600036822
FHG54,600036823
FHG77,600036830
FHG79,600036831
FHG81,600036832
FHG83,600001229
FHG91,600036833
FHG93,600036834
FHG97,600036836
FHH07,600040933
FHH26,600036839
FHH40,600036843
FHH45,600036846
FHH49,600039455
FHH81,600000890
FHH86,600036853
FHH95,600036855
FHH99,600036856
FHJ06,600041776
FHJ15,600036859
FHJ27,600036865
FHJ42,600036866
FHJ43,600036867
FHJ53,600036869
FHJ70,600036873
FHJ81,600036875
FHJ82,600036876
FHJ84,600001037
FHJ91,600034718
FHJ94,600043118
FHJ95,600000931
FHK04,600036877
FHK05,600036878
FHK15,600037839
FHK19,600040635
FHK40,600036883
FHK46,600036886
FHK50,600033478
FHK61,600036890
FHK62,600036891
FHK63,600036791
FHK73,600036350
FHK79,600036893
FHK81,600036894
FHK93,600036896
FHL00,600040752
FHL15,600036901
FHL37,600036905
FHL39,600036906
FHL45,600036907
FHL63,600036912
FHM40,600036920
FHM44,600036921
FHM45,600036922
FHM48,600039250
FHM53,600036924
FHM58,600036927
FHM65,600036928
FHM82,600036931
FHM91,600036933
FHN27,600035448
FHN34,600036937
FHN37,600036938
FHN56,600036940
FHN73,600000577
FHN79,600036942
FHP04,600036946
FHP12,600039770
FHP14,600041619
FHP20,600036951
FHP25,600035692
FHP26,600036952
FHP29,600036953
FHP49,600036954
FHP56,600040671
FHP78,600036960
FHQ01,600036963
FHQ13,600036965
FHQ19,600036966
FHQ26,600036968
FHQ36,600036970
FHQ44,600043783
FHQ81,600036973
FHQ83,600036975
FHR07,600036978
FHR24,600036980
FHR25,600036981
FHR26,600033878
FHR75,600036987
FHT06,600088211
FHT28,600036995
FHT35,600036998
FHT39,600036207
FHT44,600037000
FHT46,600037001
FHT63,600037005
FHT86,600033646
FHV01,600037011
FHV03,600038038
FHV04,600036163
FHV08,600039083
FHV17,600037012
FHV26,600038319
FHV64,600037021
FHV66,600037022
FHV67,600037023
FHV71,600033787
FHV72,600000180
FHV89,600037026
FHV94,600037027
FHW10,600043551
FHW12,600037621
FHW14,600037031
FHW22,600037032
FHW40,600037033
FHW59,600041263
FHW64,600037036
FHW72,600037039
FHW84,600037042
FHW95,600037044
FHX03,600039252
FHX08,600039314
FHX18,600037049
FHX22,600038337
FHX29,600036734
FHX31,600037050
FHX50,600089771
FHX62,600037054
FHX63,600037055
FHX75,600037059
FHX90,600037060
FHY08,600037061
FHY22,600037062
FHY27,600037063
FHY42,600037065
FHY65,600037067
FHY70,600037069
FHY93,600033741
FHY96,600037071
FJ007,600037074
FJ016,600001234
FJ026,600038386
FJ034,600037082
FJ040,600037084
FJ047,600037833
FJ056,600037086
FJ061,600037089
FJ070,600042792
FJ074,600037091
FJ085,600037094
FJ086,600037095
FJ100,600033310
FJ110,600037097
FJ118,600085861
FJ120,600000956
FJ123,600037101
FJ143,600037105
FJ174,600037108
FJ176,600037109
FJ191,600037111
FJ196,600037114
FJ202,600037115
FJ206,600037116
FJ212,600037118
FJ225,600037122
FJ228,600034326
FJ230,600033421
FJ242,600037124
FJ243,600037125
FJ264,600037127
FJ285,600037130
FJ286,600037131
FJ295,600037135
FJ297,600037136
FJ299,600043195
FJ327,600037143
FJ342,600037146
FJ346,600037147
FJ348,600037148
FJ350,600037149
FJ352,600037150
FJ354,600037151
FJ366,600037155
FJ381,600037157
FJ396,600001201
FJ398,600037159
FJ399,600000862
FJ403,600037160
FJ413,600037163
FJ421,600037165
FJ438,600037168
FJ441,600037169
FJ446,600037170
FJ450,600037172
FJ477,600037177
FJ482,600037179
FJ494,600037182
FJ498,600037183
FJ515,600040180
FJ516,600039173
FJ558,600037190
FJ562,600037192
FJ572,600037196
FJ575,600037197
FJ579,600037198
FJ580,600037199
FJ593,600000659
FJ597,600037200
FJ599,600037201
FJ615,600037205
FJ635,600037209
FJ638,600037210
FJ656,600037979
FJ657,600037215
FJ680,600037219
FJ685,600037220
FJ694,600037221
FJ702,600043451
FJ710,600037224
FJ729,600037228
FJ734,600037231
FJ737,600037232
FJ754,600037236
FJ779,600037240
FJ783,600000827
FJ787,600037243
FJ789,600037244
FJ798,600037247
FJ804,600039421
FJ831,600088051
FJ835,600037256
FJ840,600037138
FJ848,600037258
FJ872,600037260
FJ874,600037261
FJ908,600037267
FJA11,600037276
FJA14,600037277
FJA18,600000611
FJA38,600037281
FJA41,600001066
FJA52,600037282
FJA58,600037284
FJC32,600037297
FJC33,600037298
FJC63,600037301
FJC70,600037303
FJC91,600037308
FJD02,600038175
FJD26,600037313
FJD38,600037316
FJD41,600038138
FJD55,600036257
FJD56,600037321
FJD64,600033236
FJD69,600037323
FJD74,600037324
FJE06,600037330
FJE22,600037336
FJE31,600037337
FJE34,600037339
FJE40,600037340
FJE48,600037341
FJE51,600037342
FJE63,600037347
FJE64,600037348
FJE68,600037349
FJE83,600000237
FJE95,600037351
FJF12,600037353
FJF13,600037354
FJF20,600033237
FJF58,600086351
FJF59,600037361
FJF71,600037365
FJF84,600037366
FJF90,600037369
FJG01,600037370
FJG10,600037371
FJG17,600037373
FJG18,600037374
FJG24,600037375
FJG30,600037376
FJG38,600000566
FJG45,600037381
FJG47,600037383
FJG93,600037391
FJG96,600037392
FJH00,600037393
FJH05,600043786
FJH07,600036167
FJH12,600037396
FJH24,600037402
FJH35,600037405
FJH46,600037409
FJH48,600037410
FJH61,600086681
FJH74,600035048
FJH90,600037419
FJJ30,600037425
FJJ38,600038517
FJJ41,600037427
FJJ43,600037428
FJJ56,600037430
FJJ69,600037432
FJJ70,600037433
FJJ76,600037434
FJJ81,600037436
FJJ92,600037437
FJK17,600037442
FJK23,600001255
FJK28,600037443
FJK31,600037444
FJK32,600037445
FJK44,600037447
FJK61,600037448
FJK65,600037451
FJK67,600001134
FJK89,600037453
FJK92,600037454
FJK96,600037455
FJL00,600037456
FJL09,600037457
FJL20,600037460
FJL38,600037463
FJL42,600037464
FJL44,600037465
FJL77,600037470
FJL98,600037475
FJM20,600037479
FJM40,600041607
FJM44,600094841
FJM51,600037482
FJM53,600037483
FJM57,600037484
FJM76,600037488
FJM93,600037490
FJN22,600037493
FJN57,600037499
FJN65,600037501
FJN73,600000928
FJN75,600037503
FJN81,600037505
FJP07,600037509
FJP15,600036932
FJP31,600037512
FJP37,600037516
FJP38,600037517
FJP54,600037520
FJP66,600037521
FJP75,600037523
FJQ28,600037531
FJQ30,600034453
FJQ49,600037534
FJQ55,600000414
FJQ64,600000770
FJQ80,600040149
FJQ81,600037537
FJQ92,600034260
FJQ93,600037540
FJR03,600037543
FJR15,600037547
FJR20,600037548
FJR22,600001270
FJR35,600037551
FJR60,600037553
FJR71,600000624
FJR84,600037554
FJR86,600037555
FJR91,600037557
FJR97,600037558
FJT00,600037559
FJT17,600037563
FJT18,600037564
FJT38,600037566
FJT41,600037568
FJT97,600037576
FJV26,600000190
FJV28,600042175
FJV32,600042876
FJV46,600033268
FJV53,600033242
FJV60,600000969
FJV66,600037586
FJV68,600037587
FJV69,600037588
FJV73,600037589
FJV77,600037591
FJW04,600035888
FJW05,600038505
FJW09,600041030
FJW15,600038439
FJW16,600033299
FJW26,600042577
FJW29,600037595
FJW31,600085971
FJW39,600000951
FJW44,600037598
FJW46,600094051
FJW56,600037599
FJW75,600037600
FJW80,600037601
FJW85,600040512
FJW93,600037602
FJW95,600039902
FJW97,600041162
FJX12,600042228
FJX14,600037606
FJX15,600039945
FJX31,600035643
FJX53,600037609
FJX58,600037611
FJX68,600037614
FJX71,600037615
FJX76,600037616
FJX84,600037618
FJY03,600038700
FJY11,600037623
FJY30,600039756
FK007,600037633
FK011,600000394
FK012,600037635
FK014,600037636
FK015,600000385
FK017,600037637
FK018,600039251
FK024,600037638
FK029,600037640
FK045,600037642
FK052,600037645
FK058,600041230
FK081,600037648
FK095,600034181
FK108,600000564
FK109,600037654
FK120,600037657
FK121,600041046
FK141,600037662
FK144,600037663
FK151,600042821
FK154,600037665
FK182,600037669
FK196,600037674
FK205,600037675
FK207,600037676
FK213,600038209
FK223,600043229
FK231,600037680
FK236,600037682
FK255,600037684
FK266,600000181
FK271,600041038
FK272,600001244
FK275,600037688
FK300,600037695
FK321,600041475
FK326,600037698
FK361,600037702
FK364,600037703
FK369,600037705
FK382,600037706
FK386,600037707
FK409,600037715
FK422,600089921
FK429,600037719
FK436,600037721
FK451,600037317
FK452,600037722
FK481,600037724
FK502,600037726
FK518,600037729
FK523,600037730
FK529,600091831
FK531,600037732
FK555,600037736
FK560,600037737
FK564,600037739
FK566,600037740
FK567,600000952
FK571,600036431
FK575,600037742
FK577,600087461
FK580,600037743
FK581,600037744
FK591,600037747
FK594,600037748
FK597,600037750
FK601,600037751
FK603,600090041
FK618,600037847
FK627,600001004
FK632,600037759
FK660,600034998
FK665,600037764
FK672,600040762
FK682,600037767
FK685,600092701
FK722,600034657
FK725,600037775
FK726,600037776
FK742,600000833
FK744,600087181
FK756,600041275
FK764,600033271
FK775,600037782
FK778,600042777
FK785,600037783
FK792,600037784
FK802,600033990
FK804,600037786
FK814,600037790
FK824,600037791
FK836,600037793
FK840,600094781
FK851,600038507
FK857,600037797
FK858,600037798
FK872,600037801
FK874,600037802
FK880,600035658
FK889,600037806
FK899,600037809
FK901,600037810
FK922,600001108
FK954,600037815
FK966,600037818
FK989,600037820
FK990,600037821
FK993,600037822
FKA04,600037826
FKA10,600037828
FKA19,600037831
FKA24,600041890
FKA38,600037834
FKA72,600035129
FKA79,600092011
FKA84,600036884
FKA86,600089411
FKA98,600037840
FKA99,600037841
FKC01,600037842
FKC07,600037843
FKC08,600037844
FKC09,600037845
FKC17,600001282
FKC24,600037846
FKC38,600042286
FKC49,600037851
FKC62,600037854
FKC64,600039741
FKC86,600033848
FKC96,600033912
FKD02,600037368
FKD16,600039015
FKD19,600000878
FKD22,600037864
FKD37,600037306
FKD48,600037867
FKD52,600037869
FKD53,600037870
FKD74,600001124
FKD78,600037875
FKD83,600043641
FKD96,600037876
FKE02,600043764
FKE08,600037879
FKE11,600037881
FKE12,600037882
FKE13,600037883
FKE53,600037889
FKE58,600037891
FKE71,600038068
FKE78,600038590
FKE90,600037899
FKE91,600037900
FKE95,600037903
FKF03,600036950
FKF06,600037905
FKF22,600043289
FKF28,600037912
FKF76,600037918
FKF80,600037919
FKF82,600037920
FKF83,600086691
FKF90,600037922
FKF96,600037923
FKG02,600037924
FKG04,600038860
FKG06,600035282
FKG14,600038662
FKG25,600037929
FKG29,600037930
FKG40,600037932
FKG59,600037939
FKG76,600037945
FKG82,600035367
FKG97,600037947
FKH07,600037949
FKH23,600044031
FKH25,600037950
FKH33,600034537
FKH35,600037952
FKH43,600037955
FKH45,600037956
FKH46,600037957
FKH66,600037961
FKH72,600037388
FKH80,600043791
FKH90,600037965
FKH92,600033290
FKH96,600037967
FKJ03,600037968
FKJ13,600037969
FKJ16,600036610
FKJ18,600037970
FKJ39,600040481
FKJ40,600039111
FKJ49,600037976
FKJ50,600041562
FKJ51,600037977
FKJ52,600037978
FKJ53,600040531
FKJ71,600037982
FKJ74,600036740
FKJ91,600037983
FKJ95,600037984
FKK01,600000749
FKK05,600037985
FKK08,600037986
FKK15,600037541
FKK18,600037988
FKK20,600037989
FKK25,600037990
FKK28,600037992
FKK51,600098131
FKK58,600037994
FKK59,600037995
FKK81,600037997
FKK88,600037999
FKL45,600038003
FKL51,600089881
FKL62,600038004
FKL80,600038010
FKL87,600038014
FKL90,600043794
FKL95,600000155
FKL96,600038015
FKM12,600038016
FKM17,600033243
FKM27,600038017
FKM28,600038018
FKM31,600038019
FKM33,600038020
FKM39,600037622
FKM40,600038021
FKM47,600038022
FKM99,600038027
FKN05,600036105
FKN07,600038028
FKN08,600033662
FKN10,600041705
FKN44,600038031
FKN84,600034382
FKN85,600038035
FKN97,600037280
FKP01,600043724
FKP09,600038039
FKP46,600038046
FKP51,600038049
FKP98,600038057
FKQ05,600038059
FKQ20,600038061
FKQ23,600037938
FKQ27,600038063
FKQ69,600038070
FKQ84,600090281
FKQ90,600038072
FKR06,600038076
FKR08,600038077
FKR18,600038079
FKR45,600038082
FKR57,600038083
FKR58,600038084
FKR70,600038087
FKT09,600038091
FKT11,600038092
FKT16,600038094
FKT18,600038095
FKT19,600038096
FKT22,600038166
FKT27,600034829
FKT31,600038098
FKT49,600038103
FKT64,600038106
FKT67,600038108
FKV08,600038112
FKV11,600038113
FKV19,600033244
FKV23,600038115
FKV30,600038116
FKV38,600036799
FKV48,600041936
FKV50,600038120
FKV60,600038124
FKV67,600038125
FKV79,600038129
FKW02,600038133
FKW12,600039150
FKW25,600041624
FKW39,600038142
FKW51,600040465
FKW54,600042133
FKW58,600085351
FKW59001,600042727
FKW61,600038148
FKW67,600038149
FKW69,600038150
FKW87,600038153
FKW96,600038154
FKX29,600038158
FKX56,600038159
FKX65,600038163
FKX68,600038164
FKX71,600038165
FKX92,600038168
FKX97,600038170
FKY37,600038173
FKY40,600038174
FKY48,600096351
FKY85,600036357
FKY89,600038177
FKY95,600038178
FKY97,600000831
FL004,600038179
FL014,600038183
FL016,600038066
FL027,600000392
FL037,600038185
FL043,600038186
FL048,600038187
FL061,600038190
FL069,600000838
FL073,600038193
FL080,600042660
FL087,600038194
FL096,600044371
FL139,600000927
FL171,600038211
FL172,600000968
FL173,600038212
FL184,600038214
FL209,600038219
FL227,600038223
FL230,600038225
FL234,600038227
FL248,600087671
FL272,600038234
FL274,600038235
FL305,600038606
FL310,600038241
FL330,600038245
FL340,600038246
FL361,600038251
FL364,600033474
FL366,600034253
FL377,600038254
FL380,600038255
FL388,600038259
FL396,600038260
FL401,600038261
FL402,600001179
FL410,600033884
FL448,600089191
FL465,600000737
FL473,600038269
FL476,600038271
FL479,600038273
FL491,600038274
FL499,600038276
FL500,600038277
FL505,600038279
FL514,600038280
FL519,600090071
FL523,600038283
FL531,600036723
FL538,600038284
FL554,600036113
FL558,600033776
FL573,600038286
FL584,600038291
FL588,600038292
FL592,600038293
FL617,600001247
FL630,600033442
FL635,600036663
FL637,600090311
FL640,600036179
FL657,600038303
FL674,600038305
FL676,600038306
FL677,600000851
FL682,600038307
FL686,600038308
FL721,600038316
FL728,600038317
FL730,600038318
FL749,600038321
FL776,600038327
FL779,600038328
FL782,600038331
FL784,600038332
FL785,600038333
FL787,600038334
FL789,600038335
FL795,600038338
FL798,600038339
FL840,600038347
FL847,600033822
FL854,600038348
FL860,600039002
FL863,600043931
FL867,600038351
FL875,600042446
FL883,600038353
FL905,600038360
FL911,600038361
FL922,600038362
FL923,600038363
FL933,600038366
FL966,600038367
FL974,600038368
FL985,600038370
FLA06,600038372
FLA09,600038375
FLA13,600038376
FLA25,600038377
FLA34,600038378
FLA36,600037241
FLA40,600038947
FLA51,600034294
FLA75,600038389
FLA76,600038390
FLA83,600038393
FLA85,600038394
FLA96,600038396
FLC02,600038397
FLC19,600038400
FLC40,600038401
FLC41,600038402
FLC47,600038403
FLC49,600000658
FLC51,600038405
FLC73,600038409
FLC84,600037104
FLD23,600038422
FLD28,600038423
FLD37,600038426
FLD44,600036156
FLD45,600038429
FLD52,600038430
FLD69,600039675
FLD91,600037895
FLD94,600000965
FLE09,600043795
FLE22,600000182
FLE30,600037176
FLE31,600038446
FLE32,600000847
FLE35,600038447
FLE44,600038448
FLE54,600000642
FLE79,600038461
FLF10,600038466
FLF14,600038467
FLF17,600038468
FLF27,600038471
FLF28,600038472
FLF35,600038474
FLF51,600041907
FLF52,600038477
FLF58,600038479
FLF60,600000887
FLF62,600036959
FLF65,600038482
FLF67,600038484
FLF70,600001250
FLF77,600000680
FLF78,600037687
FLF82,600041982
FLF98,600000251
FLG00,600041005
FLG01,600038489
FLG02,600043018
FLG07,600039572
FLG18,600038492
FLG25,600038494
FLG26,600001034
FLG31,600038495
FLG32,600038496
FLG43,600038501
FLG51,600038502
FLG55,600038503
FLG69,600086821
FLG79,600035188
FLG82,600038508
FLG92,600033897
FLG94,600036575
FLH05,600038511
FLH09,600038512
FLH14,600038513
FLH17,600038514
FLH35,600038518
FLH40,600038519
FLH72,600038523
FLH76,600038524
FLH77,600043788
FLH78,600038525
FLH83,600043804
FLH98,600043527
FLJ01,600038532
FLJ06,600038533
FLJ15,600038535
FLJ17,600038536
FLJ29,600038538
FLJ47,600000264
FLJ74,600037816
FLJ78,600036489
FLK02,600038542
FLK07,600000589
FLK13,600038543
FLK26,600000988
FLK27,600038544
FLK28,600043200
FLK45,600038546
FLK46,600037072
FLK59,600033961
FLK60,600042976
FLK69,600041860
FLL04,600038553
FLL05,600038554
FLL14,600038557
FLL19,600038558
FLL20,600038559
FLL23,600038560
FLL29,600038561
FLL39,600038563
FLL42,600038564
FLL66,600038566
FLL84,600039285
FLM00,600038573
FLM04,600038574
FLM19,600038576
FLM23,600035455
FLM26,600038578
FLM31,600038579
FLM36,600038580
FLM49,600038583
FLM61,600038584
FLM63,600037960
FLM70,600038585
FLM80,600000647
FLM83,600038588
FLM86,600038589
FLN04,600038592
FLN10,600038594
FLN31,600038598
FLN49,600038600
FLN54,600038601
FLN59,600038602
FLN64,600038604
FLN85,600038607
FLN99,600038609
FLP04,600038610
FLP05,600034154
FLP16,600038611
FLP23,600038613
FLP27,600038614
FLP52,600001241
FLP66,600000970
FLP85,600038624
FLP93,600038625
FLP95,600038626
FLP98,600038627
FLQ01,600038630
FLQ25,600038637
FLQ27,600038638
FLQ34,600042189
FLQ35,600038485
FLQ41,600038641
FLQ42,600038642
FLQ55,600038645
FLQ56,600038646
FLQ60,600038647
FLQ67,600038649
FLQ98,600041537
FLR00,600038655
FLR03,600035422
FLR22,600038658
FLR25,600038660
FLR39,600038665
FLR73,600038668
FLR83,600038669
FLT09,600043217
FLT32,600038672
FLT59,600038675
FLT94,600038681
FLT97,600038682
FLV02,600038683
FLV10,600038685
FLV25,600037346
FLV26,600038689
FLV29,600038690
FLV62,600038695
FLV72,600038696
FLV73,600038697
FLV75,600038698
FLV79,600038699
FLV81,600043765
FLV88,600041502
FLW05,600038701
FLW17,600042917
FLW40,600042951
FLW42,600033659
FLW44,600038705
FLW47,600000437
FLW56,600000835
FLW57,600039509
FLW68,600038708
FLW75,600038710
FLW91,600038713
FLW92,600037693
FLX00,600038717
FLX20,600044291
FLX23,600038724
FLX35,600038726
FLX65,600038732
FLX82,600035315
FLX85,600038734
FLX97,600038735
FLX98,600038736
FLY52,600038740
FLY88,600038743
FM011,600038747
FM024,600038748
FM026,600038749
FM031,600038750
FM040,600040947
FM050,600038755
FM073,600038760
FM079,600038761
FM082,600038763
FM089,600038767
FM106,600038770
FM115,600038771
FM116,600042574
FM128,600000685
FM177,600038777
FM196,600038783
FM201,600038784
FM205,600034351
FM245,600038790
FM248,600038791
FM249,600038792
FM254,600038794
FM256,600038795
FM258,600038796
FM271,600038798
FM273,600038799
FM282,600038801
FM294,600000811
FM303,600038804
FM314,600000896
FM319,600038810
FM329,600038811
FM336,600038813
FM350,600038818
FM358,600038819
FM364,600038820
FM378,600001252
FM388,600038824
FM390,600038825
FM407,600038192
FM437,600038833
FM447,600037651
FM456,600038836
FM474,600038838
FM484,600038839
FM485,600038840
FM502,600038845
FM505,600038846
FM508,600038848
FM512,600039020
FM517,600038850
FM520,600034175
FM529,600040847
FM537,600038854
FM560,600041434
FM564,600038857
FM565,600038858
FM583,600038859
FM589,600038862
FM618,600038867
FM623,600037406
FM634,600038871
FM664,600038875
FM670,600038877
FM682,600038880
FM688,600038884
FM704,600093101
FM705,600038890
FM720,600038893
FM732,600038895
FM741,600038899
FM748,600038900
FM750,600038901
FM768,600038903
FM781,600038905
FM788,600038906
FM803,600038909
FM809,600038910
FM812,600038911
FM820,600038913
FM823,600040696
FM824,600038915
FM836,600038616
FM859,600038918
FM883,600038923
FM887,600038924
FM891,600038927
FM892,600038928
FM907,600038934
FM908,600038935
FM994,600038942
FMA27,600038944
FMA56,600036650
FMA78,600038948
FMA82,600038950
FMA84,600039536
FMA89,600041430
FMA93,600038951
FMC10,600033248
FMC24,600038952
FMC31,600038954
FMC34,600043676
FMC35,600039175
FMC69,600038960
FMC81,600038963
FMC89,600038965
FMC95,600038968
FMD07,600038969
FMD09,600038970
FMD33,600038976
FMD39,600039288
FMD42,600038979
FMD45,600038980
FMD46,600038981
FMD67,600038985
FMD72,600038986
FMD88,600038990
FMD92,600038991
FME41,600036591
FME55,600038994
FME59,600038996
FME62,600040746
FME80,600039000
FME83,600039001
FME90,600043311
FMF10,600039004
FMF16,600039006
FMF18,600039007
FMF20,600039008
FMF27,600039009
FMF32,600001258
FMF36,600039011
FMF38,600039012
FMF41,600034557
FMF55,600039016
FMF72,600039017
FMF82,600039021
FMF84+,600039658
FMF85,600043379
FMF87,600039022
FMG07,600039026
FMG12,600039027
FMG27,600039031
FMG46,600036013
FMG47,600039035
FMG50,600040169
FMG71,600039038
FMG75,600039039
FMG78,600042343
FMG84,600039042
FMG97,600039044
FMH02,600039045
FMH04,600039046
FMH12,600039047
FMH16,600039049
FMH29,600039051
FMH33,600039053
FMH45,600039057
FMH56,600039059
FMH62,600039061
FMH69,600039062
FMH71,600039063
FMH96,600039070
FMJ02,600039073
FMJ13,600039075
FMJ19,600039077
FMJ33,600039079
FMJ37,600039080
FMJ40,600039081
FMJ42,600039082
FMJ48,600039084
FMJ56,600043801
FMJ67,600039085
FMJ77,600000185
FMJ79,600039087
FMK10,600039092
FMK12,600034034
FMK17,600039093
FMK19,600035034
FMK22,600039094
FMK29,600039095
FMK43,600039098
FMK44,600039099
FMK45,600042980
FMK63,600039102
FMK64,600035465
FMK80,600039106
FMK83,600039107
FMK87,600039110
FMK93,600039935
FML15,600044361
FML19,600039114
FML40,600039119
FML56,600039121
FML59,600039122
FML70,600039124
FML74,600039030
FML78,600041956
FML79,600039128
FMM16,600039132
FMM20,600039133
FMM25,600039134
FMM28,600039135
FMM35,600039137
FMM48,600000630
FMM66,600039142
FMM83,600039145
FMN01,600039148
FMN17,600044151
FMN24,600039151
FMN32,600039153
FMN33,600039154
FMN51,600088851
FMN67,600039158
FMN71,600039159
FMN78,600000734
FMN80,600039160
FMN93,600042766
FMP08,600039163
FMP13,600033284
FMP20,600042016
FMP21,600000722
FMP50,600042227
FMP53,600039169
FMP63,600042209
FMP70,600089141
FMP72,600039824
FMP74,600001014
FMP96,600039176
FMQ05,600039177
FMQ19,600039181
FMQ39,600038152
FMQ41,600000997
FMQ48,600035217
FMQ67,600034032
FMQ71,600039188
FMQ83,600039189
FMQ91,600036794
FMR00,600001254
FMR03,600001280
FMR16,600000425
FMR24,600039193
FMR26,600039194
FMR35,600001259
FMR37,600039196
FMR56,600039200
FMR85,600039204
FMR86,600000676
FMR92,600000645
FMT00,600039206
FMT08,600041023
FMT16,600039210
FMT20,600039211
FMT22,600039213
FMT23,600039214
FMT27,600037507
FMT61,600039223
FMT64,600039225
FMT80,600033419
FMT82,600039227
FMT96,600039230
FMV02,600039232
FMV20,600039233
FMV43,600039235
FMV67,600039236
FMV69,600039237
FMV73,600039239
FMV89,600000919
FMW08,600039244
FMW52,600039254
FMW75,600040817
FMX45,600033397
FMX53,600039262
FMX65,600039263
FMX69,600039265
FMX79,600039267
FMX84,600039268
FMX90,600039270
FMY14,600041859
FMY18,600039272
FMY19,600036491
FMY52,600001195
FMY53,600034791
FMY69,600039276
FN008,600039280
FN011,600033425
FN013,600040928
FN020,600036405
FN040,600039286
FN047,600096301
FN052,600039289
FN057,600039291
FN058,600039847
FN061,600039293
FN075,600039295
FN077,600039296
FN081,600039297
FN103,600000186
FN104,600039299
FN113,600039300
FN123,600039301
FN140,600039305
FN163,600039307
FN167,600039308
FN172,600039309
FN174,600039310
FN176,600039311
FN194,600034927
FN210,600039316
FN213,600039317
FN220,600039318
FN232,600039321
FN233,600039322
FN234,600039323
FN238,600039324
FN242,600039325
FN247,600039326
FN251,600039327
FN264,600039330
FN266,600039331
FN299,600039335
FN322,600039338
FN330,600041771
FN341,600036245
FN376,600039345
FN386,600039347
FN392,600035644
FN393,600039349
FN395,600040745
FN407,600041668
FN408,600039353
FN418,600037263
FN420,600039354
FN425,600089351
FN444,600000641
FN457,600035331
FN467,600000563
FN476,600039364
FN494,600039365
FN497,600039366
FN502,600039368
FN508,600039369
FN522,600039370
FN526,600039372
FN527,600043803
FN553,600039376
FN563,600039378
FN566,600039379
FN591,600039383
FN608,600033250
FN614,600039388
FN616,600000684
FN620,600039182
FN621,600039391
FN623,600085951
FN638,600036910
FN658,600039395
FN662,600039397
FN669,600039399
FN671,600000824
FN679,600039401
FN692,600033228
FN698,600042045
FN733,600037458
FN748,600039409
FN752,600039411
FN761,600041950
FN771,600034638
FN789,600039414
FN790,600000205
FN813,600039417
FN818,600039418
FN831,600039419
FN878,600042506
FN884,600039425
FN885,600039426
FN923,600001249
FNA15,600039441
FNA45,600038987
FNA55,600039448
FNA61,600039449
FNA71,600039451
FNA78,600000661
FNC00,600039454
FNC29,600039456
FNC32,600039457
FNC36,600037578
FNC41,600039459
FNC48,600039460
FNC54,600033774
FNC63,600035365
FNC75,600039464
FNC81,600039467
FNC97,600039472
FND03,600039473
FND37,600087731
FND39,600035594
FND47,600039478
FND53,600039481
FND65,600000267
FND79,600039485
FND83,600034989
FND91,600034406
FND99,600039491
FNE05,600039493
FNE14,600039496
FNE16,600000992
FNE23,600039498
FNE33,600039499
FNE37,600039500
FNE58,600039503
FNE63,600040209
FNF23,600039518
FNF42,600039520
FNF53,600043755
FNF59,600036804
FNF62,600039523
FNF74,600042301
FNF93,600038892
FNG06,600001027
FNG08,600039531
FNG12,600039533
FNG24,600039539
FNG46,600039541
FNG57,600001146
FNG59,600043480
FNG76,600039545
FNG81,600039547
FNG94,600000560
FNH01,600039550
FNH03,600036329
FNH04,600033607
FNH19,600039552
FNH56,600039558
FNH61,600039559
FNH66,600039560
FNH76,600039565
FNH78,600000220
FNH88,600039566
FNH89,600039567
FNJ04,600041798
FNJ05,600033342
FNJ28,600042865
FNJ44,600033251
FNJ48,600034616
FNJ61,600041524
FNJ63,600039575
FNJ65,600039576
FNJ72,600038806
FNJ85,600034644
FNK11,600039583
FNK40,600042923
FNK51,600039589
FNK63,600098121
FNK71,600039593
FNK72,600039594
FNK76,600039595
FNK82,600039597
FNK89,600034365
FNK92,600000898
FNK96,600039599
FNK97,600039600
FNL05,600039602
FNL19,600039606
FNL41,600039610
FNL49,600039611
FNL63,600039616
FNL71,600041926
FNL93,600036126
FNM01,600001024
FNM03,600039171
FNM10,600039620
FNM13,600033988
FNM18,600043240
FNM22,600039622
FNM28,600039624
FNM46,600039626
FNM51,600039627
FNM58,600039628
FNM61,600039630
FNM62,600034769
FNM66,600039631
FNM67,600039632
FNM74,600039634
FNM84,600034188
FNM89,600036594
FNM97,600041443
FNN18,600039639
FNN27,600039642
FNN42,600039644
FNN46,600040298
FNN48,600040108
FNN52,600039645
FNN55,600039647
FNN57,600039648
FNN62,600039649
FNN65,600039650
FNN73,600039651
FNN81,600039653
FNN94,600039657
FNP13,600039661
FNP17,600039663
FNP41,600039667
FNP44,600039668
FNP53,600039669
FNP61,600035836
FNP72,600035895
FNP89,600039676
FNP92,600039678
FNP97,600039680
FNQ01,600036512
FNQ33,600042828
FNQ36,600039687
FNQ40,600039688
FNQ43,600039689
FNQ46,600039691
FNQ47,600039692
FNQ84,600039699
FNR55,600039710
FNR67,600039711
FNR73,600039713
FNR77,600039714
FNR78,600039715
FNR84,600039716
FNR92,600040742
FNT26,600039719
FNT31,600001228
FNT35,600039720
FNT90,600039726
FNV07,600039729
FNV13,600037485
FNV14,600039732
FNV15,600039733
FNV17,600038195
FNV19,600039734
FNV26,600038882
FNV27,600039735
FNV52,600039737
FNV54,600039738
FNV59,600040573
FNV73,600039742
FNV78,600039744
FNV79,600038931
FNV82,600039745
FNV89,600093901
FNV90,600039747
FNW08,600039749
FNW11,600039750
FNW15,600043335
FNW18,600041764
FNW29,600037539
FNW37,600041351
FNW38,600041868
FNW43,600095801
FNW51,600043735
FNW71,600041730
FNW76,600039758
FNW78,600038633
FNW79,600039760
FNW81,600039761
FNW87,600039763
FNW88,600038000
FNW90,600039764
FNW94,600037681
FNX01,600039767
FNX05,600039769
FNX28,600039772
FNX30,600086581
FNX34,600039774
FNX42,600039775
FNX46,600034639
FNX56,600039778
FNX62,600039779
FNX81,600041077
FNX93,600037788
FNX96,600035590
FNY07,600039781
FNY43,600039783
FNY90,600039787
FP007,600039788
FP029,600039789
FP032,600039791
FP041,600000954
FP042,600039792
FP057,600039796
FP066,600039798
FP078,600039800
FP087,600039802
FP089,600039803
FP141,600037536
FP147,600039808
FP158,600039810
FP164,600039811
FP167,600039812
FP168,600085311
FP179,600039814
FP180,600000724
FP182,600039815
FP191,600039816
FP196,600039818
FP203,600040129
FP205,600038487
FP206,600041843
FP226,600037925
FP228,600039430
FP237,600000752
FP258,600039831
FP260,600000609
FP266,600039832
FP295,600041713
FP299,600039837
FP343,600039844
FP349,600000432
FP360,600039845
FP364,600041987
FP366,600039848
FP386,600039849
FP387,600039850
FP394,600039851
FP398,600039853
FP418,600036641
FP421,600039857
FP422,600039858
FP425,600039859
FP487,600039870
FP492,600039871
FP496,600039872
FP498,600039873
FP502,600039874
FP526,600039879
FP554,600044181
FP561,600033386
FP592,600039886
FP607,600040473
FP617,600039403
FP624,600039893
FP629,600040605
FP635,600039895
FP637,600034170
FP651,600041678
FP660,600039899
FP676,600039900
FP677,600039901
FP690,600039906
FP697,600039908
FP713,600039909
FP720,600034931
FP729,600042840
FP755,600039912
FP756,600039913
FP763,600039915
FP768,600039917
FP773,600039918
FP784,600039920
FP793,600039921
FP815,600035052
FP823,600039928
FP826,600039929
FP837,600086341
FP867,600001166
FP879,600039936
FP935,600039947
FP954,600039948
FP975,600039949
FPA06,600039954
FPA09,600039955
FPA29,600039957
FPA38,600039343
FPA48,600039961
FPA68,600039963
FPA74,600039965
FPA86,600043539
FPA91,600039970
FPA95,600039971
FPA96,600039972
FPA99,600085711
FPC00,600039974
FPC22,600039975
FPC23,600039976
FPC24,600039387
FPC33,600039978
FPC35,600037216
FPC41,600039980
FPC42,600037345
FPC57,600039983
FPC58,600039984
FPC65,600033938
FPC66,600039988
FPC69,600039989
FPC71,600039990
FPC74,600039991
FPC86,600039994
FPC89,600039995
FPD06,600039998
FPD07,600039999
FPD14,600040000
FPD39,600040003
FPD49,600038134
FPD74,600043349
FPD84,600040010
FPE00,600040012
FPE01,600033849
FPE09,600033340
FPE12,600040014
FPE13,600040015
FPE14,600040016
FPE17,600042648
FPE53,600040021
FPE65,600040028
FPE73,600041248
FPE75,600040030
FPE92,600040034
FPE95,600040035
FPE98,600040037
FPF11,600040042
FPF22,600040045
FPF41,600085841
FPF43,600040050
FPF45,600033385
FPF62,600086201
FPF71,600001029
FPF87,600043814
FPF95,600038411
FPF99,600040056
FPG08,600040058
FPG12,600040060
FPG17,600040061
FPG21,600040062
FPG37,600041565
FPG40,600040069
FPG61,600040073
FPG62,600096001
FPG70,600041090
FPG83,600000675
FPG95,600040079
FPH01,600000863
FPH12,600040085
FPH13,600040086
FPH17,600040087
FPH42,600035597
FPH43,600040088
FPH44,600040089
FPH56,600040091
FPH61,600040006
FPH83,600040096
FPH88,600040097
FPH98,600041134
FPJ15,600034486
FPJ20,600040103
FPJ31,600040105
FPJ34,600040106
FPJ52,600040109
FPJ55,600040665
FPJ59,600036487
FPJ63,600041984
FPJ91,600040115
FPJ95,600087401
FPJ98,600040117
FPK57,600040126
FPK67,600040130
FPK69,600034514
FPK73,600040131
FPK76,600040133
FPK91,600040134
FPK97,600040135
FPL12,600040137
FPL21,600040140
FPL31,600000867
FPL44,600040142
FPL53,600040144
FPL54,600040145
FPL65,600040147
FPL70,600040768
FPL78,600040150
FPL83,600035830
FPL89,600034277
FPM09,600040154
FPM10,600040155
FPM15,600088291
FPM18,600036155
FPM46,600040160
FPM71,600040163
FPM81,600036325
FPM84,600040166
FPM86,600040168
FPM93,600037137
FPM98,600040170
FPN09,600040173
FPN45,600040898
FPN51,600042344
FPN56,600037491
FPN87,600040186
FPP02,600035762
FPP13,600040191
FPP23,600000993
FPP36,600042186
FPP39,600040197
FPP41,600040199
FPP46,600094881
FPP70,600000174
FPP71,600035916
FPP87,600043815
FPP91,600040207
FPP99,600036956
FPQ10,600033986
FPQ20,600000435
FPQ37,600040218
FPQ39,600040219
FPQ45,600040221
FPQ52,600040224
FPQ55,600040226
FPQ65,600040230
FPQ71,600040232
FPQ84,600000253
FPR06,600000678
FPR09,600040238
FPR30,600042115
FPR37,600041884
FPR76,600040244
FPT02,600000421
FPT15,600040250
FPT19,600040251
FPT30,600040253
FPT34,600040254
FPT46,600037934
FPT55,600040257
FPT59,600041734
FPT70,600041650
FPT79,600086431
FPT84,600040258
FPV12,600040264
FPV23,600039238
FPV26,600040266
FPV27,600001001
FPV36,600040860
FPV39,600040269
FPV41,600042083
FPV47,600036897
FPV58,600040272
FPV77,600040274
FPV83,600040276
FPV87,600040277
FPV92,600039337
FPW12,600036223
FPW21,600040282
FPW40,600040283
FPW48,600040285
FPW50,600038047
FPW52,600040286
FPW57,600037830
FPW64,600040289
FPW79,600040291
FPW93,600040293
FPW95,600040294
FPX04,600040430
FPX05,600041655
FPX06,600040296
FPX15,600098261
FPX36,600035655
FPX39,600040301
FPX42,600040302
FPX45,600040303
FPX47,600040304
FPX48,600035517
FPX60,600040306
FPX61,600040307
FPX67,600043818
FPX83,600035913
FPX90,600040309
FPY11,600040314
FPY16,600040316
FPY53,600040321
FPY92,600036486
FQ019,600040332
FQ020,600040333
FQ021,600040334
FQ026,600034785
FQ029,600035364
FQ033,600040336
FQ035,600040337
FQ045,600040339
FQ056,600040343
FQ064,600040346
FQ122,600040357
FQ123,600034906
FQ129,600040358
FQ138,600034552
FQ140,600040359
FQ145,600040324
FQ149,600040360
FQ159,600001267
FQ163,600038603
FQ168,600040364
FQ176,600040366
FQ188,600040369
FQ192,600040370
FQ196,600040371
FQ217,600040375
FQ218,600000706
FQ229,600040376
FQ245,600001133
FQ258,600040377
FQ275,600040380
FQ285,600040383
FQ286,600040384
FQ288,600040385
FQ296,600040387
FQ299,600040389
FQ304,600033479
FQ366,600040393
FQ369,600040394
FQ395,600040396
FQ399,600040397
FQ403,600040398
FQ410,600040399
FQ421,600040400
FQ454,600040409
FQ459,600033254
FQ478,600040416
FQ495,600040419
FQ509,600040424
FQ519,600040426
FQ521,600040427
FQ522,600040428
FQ540,600034916
FQ560,600040431
FQ564,600040432
FQ576,600040434
FQ578,600040436
FQ603,600038746
FQ614,600040899
FQ620,600000839
FQ625,600040443
FQ635,600040445
FQ647,600037020
FQ653,600042603
FQ661,600040447
FQ667,600040450
FQ702,600040455
FQ705,600043820
FQ718,600040457
FQ720,600040458
FQ736,600040463
FQ748,600000635
FQ751,600033807
FQ759,600034549
FQ778,600040466
FQ787,600040467
FQ801,600040469
FQ812,600040470
FQ820,600040471
FQ826,600040472
FQ840,600040474
FQ859,600040478
FQ864,600043129
FQ895,600040484
FQ897,600040485
FQ898,600040486
FQ953,600033255
FQ977,600040488
FQ985,600000792
FQA12,600040493
FQA23,600040495
FQA35,600040498
FQA38,600040499
FQA48,600035222
FQA49,600036447
FQA73,600038267
FQA80,600042791
FQA90,600035618
FQA92,600040509
FQC03,600040510
FQC25,600040513
FQC31,600040515
FQC33,600040516
FQC35,600040517
FQC37,600040518
FQC40,600041726
FQC51,600040519
FQC93,600040530
FQD04,600035442
FQD10,600040532
FQD12,600042054
FQD13,600040533
FQD17,600040534
FQD20,600040536
FQD43,600040538
FQD61,600000825
FQD64,600040542
FQD68,600040543
FQD72,600035063
FQD81,600040545
FQE04,600040549
FQE10,600040550
FQE13,600000865
FQE19,600040553
FQE21,600040554
FQE29,600040555
FQE61,600040560
FQE82,600000664
FQE89,600040563
FQE94,600040564
FQE98,600040566
FQF08,600034330
FQF09,600040570
FQF17,600000228
FQF30,600040572
FQF35,600039018
FQF40,600038463
FQF48,600043821
FQF52,600034699
FQF58,600040575
FQF65,600040578
FQF74,600040579
FQF92,600040583
FQF93,600040584
FQF94,600040585
FQF98,600040586
FQG14,600041496
FQG15,600034008
FQG19,600040587
FQG23,600040589
FQG24,600040114
FQG36,600041264
FQG38,600043713
FQG78,600040596
FQG81,600000663
FQG89,600038137
FQH03,600034739
FQH24,600040603
FQH33,600040606
FQH36,600040607
FQH40,600040609
FQH44,600040611
FQH45,600040612
FQH49,600041621
FQH60,600039064
FQH69,600040619
FQH82,600040624
FQH84,600033648
FQH93,600033739
FQJ03,600040627
FQJ05,600039261
FQJ12,600040630
FQJ22,600040636
FQJ46,600040640
FQJ54,600090141
FQJ56,600040642
FQJ62,600040643
FQJ63,600040644
FQJ64,600036052
FQJ68,600040645
FQJ81,600040646
FQJ84,600000626
FQJ94,600040647
FQJ97,600040649
FQJ99,600040241
FQK12,600040650
FQK13,600040651
FQK26,600039050
FQK30,600040654
FQK43,600040657
FQK44,600040658
FQK57,600033502
FQK58,600042066
FQK59,600040737
FQK60,600034840
FQK63,600037134
FQK65,600040662
FQK66,600036540
FQK67,600040663
FQK76,600040666
FQK77,600040667
FQK92,600035676
FQK94,600038162
FQL02,600036298
FQL08,600040674
FQL14,600001051
FQL20,600040675
FQL22,600040677
FQL23,600040678
FQL27,600033279
FQL29,600000415
FQL47,600000380
FQL49,600039282
FQL56,600040680
FQL64,600040682
FQL75,600040684
FQL77,600040685
FQL83,600036477
FQL86,600040688
FQL97,600040690
FQM02,600040692
FQM05,600043512
FQM06,600040693
FQM55,600040701
FQM62,600034963
FQM69,600040702
FQM72,600040789
FQM87,600040707
FQM95,600040708
FQN03,600040710
FQN19,600040712
FQN20,600040713
FQN38,600092651
FQN39,600037926
FQN54,600040718
FQN58,600040719
FQN66,600040720
FQN69,600040722
FQN70,600036031
FQN76,600040723
FQN80,600040725
FQN87,600039392
FQN92,600040727
FQP01,600033744
FQP06,600040729
FQP15,600033777
FQP24,600040731
FQP30,600041550
FQP33,600040732
FQP37,600040733
FQP38,600090401
FQP42,600040735
FQP45,600040736
FQP74,600040740
FQP86,600040744
FQP92,600040747
FQQ05,600041589
FQQ23,600039362
FQQ31,600038424
FQQ40,600040753
FQQ45,600040755
FQQ50,600040756
FQQ79,600040759
FQR15,600040764
FQR19,600040766
FQR24,600040767
FQR25,600039304
FQR29,600051061
FQR34,600040770
FQR36,600035826
FQR39,600040771
FQR46,600040773
FQR51,600040775
FQR52,600040776
FQR56,600040777
FQR60,600040779
FQR71,600033257
FQR74,600040783
FQR79,600001212
FQR80,600040785
FQR99,600039003
FQT02,600040897
FQT05,600040790
FQT10,600040791
FQT13,600040792
FQT16,600037940
FQT26,600040795
FQT31,600040796
FQT33,600040797
FQT44,600040800
FQT55,600040801
FQT68,600001253
FQT70,600040804
FQT75,600040806
FQT86,600040809
FQT88,600040810
FQT96,600040811
FQT98,600040812
FQV22,600040816
FQV24,600042081
FQV25,600037404
FQV32,600040819
FQV39,600040821
FQV45,600043728
FQV61,600040824
FQV62,600040825
FQW09,600040827
FQW42,600034503
FQW59,600040832
FQW63,600040833
FQW65,600035010
FQW80,600040835
FQW85,600040836
FQW91,600040837
FQX04,600040840
FQX63,600040855
FQY00,600040620
FQY01,600040859
FQY35,600040861
FQY39,600042072
FQY48,600000754
FQY52,600040863
FQY67,600001172
FQY75,600040867
FQY87,600040869
FQY90,600040870
FR006,600001233
FR011,600040872
FR014,600040873
FR022,600038109
FR028,600037904
FR035,600040876
FR039,600035832
FR047,600001049
FR058,600040882
FR090,600040886
FR115,600040892
FR116,600042347
FR127,600040894
FR132,600040895
FR133,600040896
FR146,600041841
FR177,600040902
FR189,600040904
FR198,600040905
FR233,600040914
FR234,600040915
FR245,600040423
FR280,600034946
FR284,600040826
FR289,600040919
FR299,600040921
FR308,600040923
FR322,600040924
FR324,600090271
FR351,600040929
FR363,600040930
FR398,600040935
FR408,600040937
FR460,600040944
FR468,600086551
FR520,600040949
FR526,600040950
FR529,600040951
FR540,600039486
FR570,600040955
FR571,600040956
FR573,600043139
FR577,600040957
FR600,600040961
FR604,600000620
FR664,600038182
FR667,600040967
FR691,600040969
FR698,600040970
FR707,600040973
FR709,600040974
FR716,600033591
FR724,600040229
FR751,600040982
FR791,600040989
FR792,600040604
FR797,600040991
FR798,600040992
FR816,600040996
FR821,600034085
FR831,600042886
FR835,600000883
FR840,600041000
FR871,600041006
FR874,600041007
FR889,600041010
FR890,600041011
FR895,600041013
FR909,600041015
FR912,600041016
FR940,600041018
FR953,600041020
FRA19,600041027
FRA38,600088201
FRA77,600042222
FRA98,600041044
FRC23,600041047
FRC40,600040023
FRC59,600041054
FRC60,600036969
FRC63,600041055
FRC69,600041057
FRC82,600041058
FRC89,600041059
FRC90,600000256
FRC97,600036146
FRC98,600000743
FRD04,600041061
FRD05,600036570
FRD09,600041062
FRD18,600041064
FRD39,600038224
FRD48,600041069
FRD57,600038766
FRD61,600041071
FRD67,600000923
FRD69,600041072
FRD73,600041075
FRD82,600038464
FRD99,600041079
FRE02,600041080
FRE07,600000405
FRE25,600042669
FRE29,600033668
FRE44,600041086
FRE48,600035307
FRE55,600038141
FRE68,600041091
FRE69,600041092
FRE79,600039356
FRF00,600041099
FRF19,600041102
FRF20,600041103
FRF38,600036534
FRF42,600044331
FRF45,600041106
FRF64,600041108
FRF72,600035472
FRF80,600038132
FRF81,600041111
FRF88,600041112
FRF92,600041113
FRF94,600036584
FRG07,600041119
FRG14,600041121
FRG16,600041122
FRG20,600041124
FRG31,600041128
FRG44,600001262
FRG56,600037610
FRG73,600041135
FRG91,600041137
FRG97,600041139
FRG99,600041951
FRH10,600041141
FRH11,600041142
FRH12,600039056
FRH13,600041143
FRH16,600041145
FRH38,600041151
FRH39,600040317
FRH46,600041155
FRH66,600041158
FRH78,600041159
FRH81,600042892
FRH94,600036302
FRJ37,600041167
FRJ40,600041169
FRJ49,600041171
FRJ54,600041174
FRJ56,600041176
FRJ65,600041177
FRJ82,600038853
FRJ85,600039487
FRJ93,600000274
FRJ96,600041180
FRK12,600041181
FRK31,600041184
FRK33,600041186
FRK37,600041188
FRK41,600040497
FRK44,600041190
FRK71,600041196
FRK78,600041197
FRK79,600089341
FRK85,600000816
FRK88,600041199
FRK99,600088521
FRL06,600041205
FRL40,600034018
FRL46,600041211
FRL51,600041213
FRL56,600041215
FRL66,600041217
FRL69,600041097
FRL76,600041218
FRL80,600042283
FRM03,600040963
FRM04,600041226
FRM31,600041227
FRM48,600000738
FRM63,600038768
FRM66,600000893
FRM86,600041238
FRM89,600000189
FRM92,600041239
FRM95,600041240
FRM97,600092401
FRM99,600041241
FRN15,600041246
FRN17,600041247
FRN27,600039502
FRN28,600041250
FRN35,600041251
FRN37,600041252
FRN46,600041254
FRN48,600041255
FRN74,600041261
FRN85,600043675
FRN90,600035205
FRP09,600041266
FRP10,600041267
FRP15,600041268
FRP19,600041269
FRP26,600001109
FRP28,600041272
FRP45,600000984
FRP58,600000391
FRP77,600041282
FRP82,600039120
FRP99,600041285
FRQ03,600038632
FRQ13,600034346
FRQ23,600033718
FRQ27,600043095
FRQ38,600087241
FRQ45,600041292
FRQ46,600041293
FRQ47,600041294
FRQ64,600041298
FRQ66,600041299
FRQ70,600037103
FRQ80,600040520
FRQ83,600035420
FRQ84,600088861
FRQ87,600041301
FRQ88,600041302
FRQ90,600041303
FRR07,600041894
FRR14,600043112
FRR22,600000426
FRR24,600042818
FRR30,600043744
FRR40,600041310
FRR58,600041314
FRR62,600039904
FRR64,600042598
FRT05,600039166
FRT31,600041322
FRT39,600036036
FRT44,600042383
FRT58,600041328
FRT59,600036989
FRT62,600037644
FRT64,600000869
FRT73,600041330
FRT78,600041332
FRV23,600041338
FRV24,600041339
FRV37,600038966
FRV44,600041341
FRV46,600041342
FRV59,600041345
FRV64,600041347
FRV65,600041348
FRV87,600041350
FRV90,600086371
FRW01,600041355
FRW04,600091731
FRW21,600041359
FRW31,600041360
FRW39,600001260
FRW51,600041365
FRW55,600039835
FRX12,600041374
FRX14,600041375
FRX82,600041383
FRX84,600035461
FRY00,600034749
FRY05,600094531
FRY11,600041388
FRY27,600038415
FRY72,600036278
FRY79,600041392
FT003,600041856
FT006,600044141
FT015,600041395
FT020,600041398
FT023,600040802
FT028,600033507
FT034,600041402
FT036,600041403
FT042,600041406
FT056,600041408
FT061,600041409
FT063,600000933
FT083,600041416
FT093,600038528
FT097,600035765
FT104,600041420
FT121,600041424
FT153,600041427
FT164,600034134
FT240,600041442
FT244,600037415
FT248,600041444
FT251,600041446
FT253,600041447
FT274,600041449
FT293,600041451
FT294,600039066
FT312,600043719
FT323,600041454
FT325,600041455
FT338,600036121
FT339,600041458
FT341,600086301
FT346,600041460
FT351,600038420
FT363,600041462
FT371,600041465
FT378,600041468
FT426,600041476
FT428,600041477
FT431,600041478
FT435,600041479
FT436,600041480
FT470,600000412
FT474,600001110
FT476,600041489
FT517,600037649
FT583,600041498
FT590,600041500
FT608,600000760
FT627,600041507
FT629,600043824
FT633,600033258
FT640,600088771
FT650,600041510
FT654,600041511
FT693,600041515
FT720,600041516
FT747,600041522
FT751,600086971
FT764,600041525
FT769,600041526
FT774,600041527
FT788,600041529
FT792,600041530
FT809,600041531
FT820,600041532
FT837,600041534
FT839,600041535
FT851,600041584
FT852,600041538
FT868,600041541
FT890,600041545
FT893,600041546
FT918,600041548
FT978,600041549
FTA03,600043825
FTA06,600041552
FTA15,600043829
FTA34,600041557
FTA37,600043835
FTA56,600043681
FTA58,600036293
FTA65,600041561
FTA71,600000575
FTC04,600041567
FTC05,600000759
FTC16,600041568
FTC20,600041569
FTC33,600041572
FTC50,600041574
FTC55,600041576
FTC57,600085941
FTC65,600041578
FTC71,600033240
FTC72,600040348
FTC73,600041579
FTC77,600041581
FTC83,600034768
FTC85,600041582
FTC91,600041583
FTD45,600041590
FTD47,600041575
FTD51,600041591
FTD54,600041593
FTD59,600089171
FTD60,600041595
FTD62,600041596
FTD68,600036466
FTD78,600041600
FTD79,600041601
FTD88,600041604
FTD98,600041606
FTE09,600041611
FTE13,600041613
FTE40,600041618
FTE41,600042154
FTE73,600041320
FTE77,600000187
FTF00,600041627
FTF19,600041631
FTF31,600041633
FTF34,600041634
FTF36,600037173
FTF48,600041638
FTF64,600041639
FTF80,600038213
FTF93,600088271
FTG08,600039601
FTG15,600041648
FTG19,600041649
FTG22,600041651
FTG23,600041652
FTG24,600041653
FTG26,600034432
FTG31,600041654
FTG42,600041658
FTG50,600043621
FTG52,600041659
FTG55,600041660
FTG70,600000756
FTG75,600041147
FTG79,600041665
FTG81,600000265
FTG90,600000235
FTH02,600041612
FTH04,600086311
FTH09,600041669
FTH15,600041312
FTH22,600041671
FTH28,600042948
FTH33,600041673
FTH38,600039032
FTH43,600041675
FTH48,600036509
FTH57,600041967
FTH59,600042224
FTH79,600089381
FTH97,600038440
FTJ01,600087341
FTJ07,600039495
FTJ08,600033839
FTJ10,600041685
FTJ17,600041687
FTJ19,600041688
FTJ35,600041694
FTJ43,600041696
FTJ49,600041697
FTJ57,600041698
FTJ64,600041699
FTJ66,600041700
FTJ73,600034278
FTJ75,600039636
FTJ77,600041701
FTJ84,600038835
FTK09,600041708
FTK12,600036993
FTK23,600041711
FTK44,600041714
FTK49,600034565
FTK59,600033436
FTK75,600041968
FTK88,600041725
FTK98,600041362
FTL11,600039892
FTL22,600041732
FTL32,600041737
FTL39,600086791
FTL54,600041745
FTL56,600041746
FTL60,600038779
FTL66,600033259
FTL83,600037408
FTL84,600041748
FTL85,600094671
FTL86,600041749
FTL88,600043140
FTL93,600041610
FTL96,600038762
FTL97,600000644
FTM00,600041751
FTM09,600041753
FTM17,600090251
FTM27,600040388
FTM37,600036490
FTM51,600041762
FTM61,600041765
FTM69,600041767
FTM73,600000194
FTM77,600041768
FTM79,600041318
FTN17,600041770
FTN20,600038147
FTN28,600041772
FTN39,600039100
FTN74,600041780
FTN75,600041781
FTP04,600039652
FTP11,600037948
FTP20,600041790
FTP28,600000925
FTP36,600041793
FTP37,600090341
FTP38,600041794
FTP53,600041797
FTP61,600001142
FTP71,600042832
FTP86,600041801
FTP90,600041804
FTP94,600042255
FTP97,600041806
FTQ10,600041811
FTQ13,600036152
FTQ27,600041813
FTQ30,600035267
FTQ44,600041814
FTQ52,600041499
FTQ53,600041815
FTQ69,600041817
FTQ70,600038248
FTQ73,600041722
FTQ80,600041818
FTQ82,600094361
FTR43,600041826
FTR52,600041827
FTR61,600036195
FTR70,600041830
FTR94,600043166
FTR97,600035748
FTT01,600041834
FTT10,600041835
FTT25,600041837
FTT29,600041839
FTT34,600036748
FTT38,600041840
FTT47,600041842
FTT50,600040524
FTT52,600041844
FTT60,600041846
FTT68,600041847
FTT72,600043838
FTT74,600041848
FTT82,600034460
FTT94,600000600
FTV00,600041852
FTV02,600041853
FTV04,600038872
FTV09,600041854
FTV40,600038341
FTV41,600041858
FTV55,600041862
FTV58,600041863
FTV70,600000400
FTV78,600036314
FTV83,600041867
FTW15,600041870
FTW21,600035801
FTW32,600041874
FTW39,600037572
FTW66,600041878
FTW72,600041880
FTW96,600043134
FTX08,600041886
FTX10,600041888
FTX15,600041891
FTX21,600041893
FTX34,600041896
FTX36,600000433
FTX38,600000719
FTX44,600038285
FTX88,600041906
FTY01,600041908
FTY53,600041913
FTY56,600041914
FTY62,600041915
FTY64,600041916
FTY66,600041917
FTY95,600037497
FV007,600041919
FV010,600041921
FV018,600041922
FV019,600033918
FV022,600041924
FV044,600040104
FV050,600041930
FV053,600041932
FV061,600041933
FV086,600041939
FV089,600041941
FV092,600041942
FV093,600035447
FV095,600041943
FV096,600041944
FV113,600041945
FV117,600041946
FV122,600001242
FV129,600094851
FV142,600041949
FV172,600041957
FV186,600041959
FV191,600033993
FV192,600041961
FV199,600041964
FV203,600041965
FV257,600039673
FV274,600041977
FV306,600039292
FV311,600041988
FV334,600041990
FV354,600041993
FV361,600041994
FV367,600039888
FV368,600038391
FV369,600038793
FV410,600042000
FV432,600042002
FV447,600039258
FV462,600042003
FV463,600042004
FV470,600042006
FV471,600000861
FV474,600042007
FV487,600042010
FV490,600042011
FV492,600042012
FV493,600042013
FV495,600042609
FV519,600042015
FV520,600038618
FV523,600042017
FV528,600042019
FV533,600043631
FV542,600042020
FV546,600042023
FV560,600043604
FV584,600042032
FV585,600042033
FV669,600042048
FV674,600038597
FV676,600042049
FV689,600042051
FV704,600042052
FV707,600042053
FV726,600042056
FV727,600042057
FV731,600042058
FV774,600042065
FV782,600042067
FV785,600042068
FV788,600042070
FV796,600042071
FV809,600042074
FV810,600041089
FV816,600042076
FV817,600042077
FV818,600042078
FV823,600042080
FV834,600042082
FV839,600042084
FV843,600042085
FV847,600042087
FV850,600099841
FV856,600042089
FV857,600042090
FV860,600042091
FV863,600033743
FV875,600042093
FV890,600042097
FV898,600042098
FV910,600042099
FV989,600001165
FVA00,600042105
FVA14,600042108
FVA24,600042111
FVA29,600033283
FVA38,600089431
FVA51,600042935
FVA70,600042117
FVA73,600086491
FVA90,600042118
FVA91,600042119
FVA95,600043324
FVC01,600042121
FVC04,600033281
FVC24,600043796
FVC25,600087271
FVC27,600042124
FVC32,600042126
FVC33,600042710
FVC40,600042129
FVC44,600042131
FVC48,600042132
FVC70,600000687
FVC77,600042138
FVC85,600042140
FVC98,600042142
FVD01,600042143
FVD10,600033265
FVD14,600001197
FVD25,600042145
FVD29,600042146
FVD39,600040874
FVD48,600086411
FVD51,600042148
FVD61,600038500
FVD74,600039574
FVD85,600034577
FVD88,600042152
FVE03,600042156
FVE05,600042157
FVE10,600042160
FVE30,600000725
FVE40,600042164
FVE49,600041553
FVE59,600038051
FVE60,600042167
FVE62,600042169
FVE72,600035918
FVE88,600042174
FVE92,600042176
FVF01,600042177
FVF26,600042183
FVF30,600043297
FVF34,600042185
FVF36,600000959
FVF37,600091801
FVF38,600086631
FVF39,600041620
FVF48,600092161
FVF81,600039058
FVF82,600090181
FVF83,600042194
FVF84,600035487
FVG09,600042198
FVG64,600042207
FVG71,600042208
FVG81,600035966
FVG83,600042211
FVG90,600042213
FVH04,600033928
FVH09,600042214
FVH26,600042216
FVH30,600038864
FVH41,600040875
FVH45,600042217
FVH48,600042137
FVH52,600034795
FVH56,600042230
FVH68,600042220
FVH70,600035079
FVH75,600043841
FVH83,600042221
FVJ17,600000595
FVJ52,600039043
FVJ61,600035491
FVJ67,600042236
FVJ92,600037653
FVK00,600042241
FVK09,600042244
FVK13,600042245
FVK18,600035246
FVK31,600042248
FVK39,600042250
FVK50,600042253
FVK79,600000873
FVK93,600042259
FVK98,600042260
FVL01,600088671
FVL19,600042262
FVL23,600040995
FVL43,600042266
FVL51,600034694
FVL59,600042267
FVL61,600037974
FVL77,600000710
FVL79,600042270
FVL83,600042271
FVL95,600042273
FVM08,600001178
FVM13,600036979
FVM18,600042276
FVM24,600042278
FVM32,600042279
FVM51,600042285
FVM54,600042287
FVM56,600042288
FVM57,600038982
FVM72,600042290
FVM74,600035098
FVM83,600042293
FVM95,600038622
FVN05,600042297
FVN17,600042300
FVN30,600042303
FVN62,600042307
FVN65,600042308
FVN84,600042312
FVN98,600042315
FVP01,600042317
FVP31,600041791
FVP32,600042323
FVP34,600042325
FVP39,600042326
FVP55,600042330
FVP67,600042333
FVP73,600091951
FVP82,600042337
FVP92,600042339
FVP93,600042340
FVQ08,600036669
FVQ14,600038881
FVQ23,600033579
FVQ29,600042345
FVQ47,600036134
FVQ48,600042348
FVQ67,600035741
FVQ69,600042353
FVQ76,600042355
FVQ80,600040476
FVQ81,600042358
FVR00,600042360
FVR16,600042363
FVR27,600042366
FVR41,600042370
FVR47,600042372
FVR53,600042374
FVR56,600000209
FVR66,600000260
FVR79,600042376
FVR87,600042377
FVR91,600042379
FVT05,600042382
FVT12,600037590
FVT23,600091961
FVT30,600042385
FVT51,600042387
FVT62,600042389
FVT72,600043842
FVT85,600042394
FVV02,600042395
FVV05,600000728
FVV06,600042396
FVV07,600039471
FVV10,600042397
FVV12,600042398
FVV24,600000201
FVV27,600040483
FVV38,600042400
FVV39,600042401
FVV56,600042889
FVV65,600042403
FVV69,600042404
FVV84,600042407
FVV88,600042408
FVV96,600040327
FVV97,600042410
FVW04,600042411
FVW12,600001067
FVW28,600035493
FVW31,600042413
FVW38,600086901
FVW42,600042415
FVW44,600042416
FVW56,600042417
FVW65,600042419
FVW73,600042420
FVW83,600042423
FVW84,600037010
FVW86,600038855
FVW90,600042425
FVW93,600042427
FVX03,600042429
FVX17,600086171
FVX21,600042431
FVX30,600042435
FVX38,600036514
FVX46,600042438
FVX51,600042440
FVX62,600042441
FVX71,600039546
FVX74,600039612
FVX82,600001207
FVX91,600042445
FVX96,600038775
FVY03,600039959
FVY09,600042448
FVY64,600033267
FVY65,600042452
FVY71,600038201
FVY74,600042454
FVY82,600042455
FVY88,600039339
FVY92,600038023
FW001,600042457
FW003,600042458
FW004,600001026
FW019,600038257
FW021,600042464
FW027,600042467
FW033,600042468
FW039,600042471
FW050,600042474
FW058,600042477
FW068,600039793
FW074,600042481
FW083,600042484
FW085,600042486
FW090,600042487
FW106,600042489
FW112,600086031
FW122,600042492
FW130,600038475
FW144,600037617
FW147,600043843
FW148,600042496
FW167,600042498
FW170,600042500
FW184,600035838
FW186,600041445
FW187,600042501
FW190,600042503
FW198,600042504
FW216,600041154
FW229,600035988
FW236,600000826
FW239,600042509
FW252,600042675
FW276,600038060
FW288,600036785
FW295,600042520
FW297,600038548
FW299,600042521
FW300,600040041
FW302,600042361
FW327,600042527
FW332,600042529
FW365,600042535
FW373,600042538
FW378,600037035
FW384,600043468
FW387,600036930
FW448,600042548
FW459,600036145
FW465,600042550
FW468,600041998
FW475,600042551
FW477,600042553
FW494,600040198
FW497,600034055
FW507,600042558
FW510,600042559
FW519,600042564
FW527,600086421
FW534,600042565
FW536,600042566
FW548,600044301
FW558,600035547
FW563,600042569
FW564,600042570
FW565,600042571
FW574,600042572
FW575,600042573
FW578,600039725
FW594,600042575
FW613,600033611
FW623,600092121
FW631,600091821
FW632,600042580
FW634,600086601
FW658,600000793
FW665,600001116
FW670,600038058
FW675,600043845
FW679,600041973
FW682,600041323
FW694,600042587
FW739,600042595
FW742,600042596
FW755,600042597
FW759,600042638
FW770,600042599
FW779,600034226
FW787,600000894
FW844,600042610
FW859,600042612
FW870,600042613
FW873,600042432
FW883,600089301
FW887,600042616
FW890,600042617
FW897,600041087
FWA12,600042619
FWA13,600039373
FWA18,600042620
FWA24,600042622
FWA46,600042625
FWA62,600043614
FWA64,600042628
FWA74,600001077
FWA76,600042746
FWA95,600042632
FWC02,600042634
FWC05,600042635
FWC15,600040329
FWC22,600038071
FWC29,600041703
FWC31,600042178
FWC39,600042640
FWC42,600000815
FWC44,600042641
FWC48,600038417
FWC53,600043409
FWC58,600092001
FWC78,600000830
FWD06,600086881
FWD18,600042649
FWD45,600035318
FWD81,600042655
FWD83,600035859
FWD87,600042656
FWD92,600042657
FWE04,600042662
FWE08,600042663
FWE23,600042667
FWE29,600039109
FWE69,600040931
FWE81,600095731
FWF05,600042679
FWF23,600042683
FWF36,600043346
FWF47,600042687
FWF61,600039255
FWF77,600033843
FWF90,600034934
FWF91,600042692
FWF92,600042693
FWF97,600033560
FWG10,600042697
FWG19,600042699
FWG29,600042700
FWG32,600042701
FWG57,600040633
FWG58,600042336
FWG94,600042709
FWG95,600036974
FWH07,600042712
FWH16,600042713
FWH26,600037473
FWH37,600042716
FWH39,600042717
FWH40,600042718
FWH43,600001008
FWH68,600087511
FWH73,600042720
FWJ24,600042724
FWJ27,600042725
FWJ55,600042728
FWJ68,600042731
FWJ81,600042735
FWJ86,600042737
FWJ87,600042738
FWJ97,600042740
FWK02,600040222
FWK09,600042741
FWK15,600034051
FWK19,600042745
FWK28,600042748
FWK34,600042749
FWK37,600042750
FWK72,600037394
FWK94,600042754
FWL07,600089391
FWL19,600042758
FWL28,600042760
FWL38,600042761
FWL46,600042763
FWL47,600042764
FWL55,600042765
FWL66,600042767
FWL73,600042768
FWL80,600042771
FWL90,600042773
FWL99,600042774
FWM07,600042775
FWM16,600034745
FWM18,600042778
FWM30,600042782
FWM50,600042787
FWM54,600042789
FWM83,600088811
FWN23,600042799
FWN26,600033672
FWN30,600042801
FWN43,600042804
FWN53,600035435
FWN72,600042806
FWN81,600042809
FWN84,600040374
FWN86,600042810
FWP20,600042816
FWP24,600042817
FWP37,600042820
FWP44,600042823
FWP45,600042824
FWP66,600042827
FWP72,600042829
FWP74,600089071
FWP98,600041543
FWQ01,600042833
FWQ17,600042836
FWQ30,600042838
FWQ54,600088931
FWQ62,600093111
FWQ66,600042844
FWQ87,600042848
FWQ93,600042849
FWQ95,600042850
FWR01,600042851
FWR24,600043849
FWR25,600042855
FWR32,600035408
FWR76,600037189
FWR95,600042862
FWT21,600043862
FWT28,600036485
FWT37,600042869
FWT42,600037250
FWT46,600042871
FWT50,600042873
FWT62,600042875
FWT77,600088721
FWT87,600042879
FWV01,600042880
FWV41,600034407
FWV53,600042887
FWV87,600042890
FWW03,600042893
FWW14,600042897
FWW16,600033272
FWW22,600087451
FWW39,600042901
FWW52,600038425
FWW54,600042905
FWW55,600042906
FWW61,600042909
FWW63,600039385
FWW78,600042911
FWW87,600042913
FWW89,600042914
FWW94,600042916
FWX02,600042870
FWX05,600085781
FWX08,600034215
FWX13,600000971
FWX22,600042919
FWX61,600041983
FWX77,600035624
FWX81,600042926
FWX85,600038184
FWX89,600042927
FWX94,600042928
FWY08,600041820
FWY30,600038816
FWY53,600038311
FX007,600042930
FX012,600042933
FX028,600042939
FX034,600037760
FX039,600042941
FX044,600042943
FX048,600042944
FX053,600042945
FX059,600043220
FX060,600042946
FX069,600000762
FX075,600042949
FX083,600039162
FX084,600042952
FX093,600042956
FX094,600040300
FX096,600042957
FX097,600042958
FX098,600042959
FX110,600042963
FX116,600042964
FX125,600035194
FX129,600042966
FX130,600042967
FX159,600042975
FX183,600042981
FX192,600039702
FX194,600042984
FX203,600042986
FX230,600041809
FX233,600042991
FX235,600033758
FX248,600040868
FX258,600039156
FX259,600042996
FX262,600042998
FX265,600042999
FX268,600043000
FX275,600043001
FX276,600043002
FX308,600043007
FX310,600043008
FX314,600043009
FX318,600043010
FX325,600043012
FX342,600037746
FX345,600043015
FX385,600043020
FX396,600035117
FX409,600043022
FX413,600000588
FX449,600043027
FX453,600042925
FX457,600043029
FX460,600033957
FX474,600043032
FX478,600043033
FX525,600043044
FX534,600038634
FX537,600036944
FX543,600043046
FX546,600034338
FX556,600043050
FX561,600043053
FX584,600043055
FX589,600043056
FX593,600043057
FX609,600043058
FX611,600043059
FX650,600033642
FX680,600043067
FX681,600043068
FX692,600042319
FX693,600034740
FX712,600043070
FX727,600043073
FX728,600043074
FX744,600043078
FX747,600043079
FX748,600043080
FX751,600040505
FX779,600043087
FX784,600035144
FX816,600043090
FX835,600043092
FX853,600043096
FX882,600043100
FX886,600043101
FX898,600043103
FX910,600000389
FX947,600043108
FXA02,600037461
FXA03,600034224
FXA05,600043113
FXA06,600043114
FXA11,600043116
FXA26,600042674
FXA30,600043119
FXA52,600043124
FXA71,600039852
FXA79,600035402
FXA84,600043127
FXA90,600036984
FXC03,600043131
FXC13,600043136
FXC14,600043137
FXC18,600043138
FXC46,600043851
FXC51,600039068
FXC67,600043143
FXD05,600043151
FXD38,600043528
FXD47,600035522
FXD49,600088871
FXD72,600043158
FXD87,600043160
FXD93,600043161
FXD96,600043162
FXE07,600043163
FXE23,600043167
FXE30,600043169
FXE31,600035167
FXE34,600043170
FXE35,600043171
FXE40,600098301
FXE50,600043173
FXE59,600037597
FXE73,600043176
FXE74,600043177
FXE81,600035327
FXE88,600043178
FXF01,600043180
FXF08,600043182
FXF21,600043185
FXF47,600001191
FXF49,600042225
FXF53,600036189
FXF63,600040699
FXF67,600043192
FXF79,600043194
FXF92,600043196
FXF96,600043197
FXF97,600037469
FXG01,600043199
FXG05,600033796
FXG44,600043204
FXG48,600033278
FXG56,600043208
FXG65,600043210
FXG70,600043211
FXG76,600000895
FXG80,600034446
FXG89,600043214
FXG91,600094591
FXG93,600096221
FXG97,600043216
FXG99,600000866
FXH25,600043221
FXH34,600043223
FXH36,600043224
FXH45,600043225
FXH47,600043226
FXH51,600043227
FXH62,600041902
FXH76,600043232
FXH78,600043853
FXH81,600043234
FXH89,600039271
FXH93,600000679
FXJ37,600043242
FXJ42,600043244
FXJ57,600043245
FXJ70,600043247
FXJ82,600043249
FXJ99,600043250
FXK05,600043252
FXK17,600039506
FXK47,600043257
FXK55,600001141
FXK58,600043258
FXK64,600034919
FXK67,600000384
FXK72,600043259
FXK74,600043260
FXK78,600043262
FXK93,600042001
FXL08,600043266
FXL13,600037251
FXL15,600043267
FXL17,600043268
FXL36,600043272
FXL37,600043273
FXL38,600043429
FXL49,600036071
FXL59,600093561
FXL90,600043279
FXL92,600035314
FXM05,600043284
FXM07,600043600
FXM15,600043285
FXM17,600042938
FXM28,600043287
FXM29,600043288
FXM51,600033239
FXM67,600043293
FXM71,600043295
FXM72,600043296
FXM89,600043299
FXM91,600043300
FXM99,600043302
FXN07,600043303
FXN27,600038449
FXN28,600043309
FXN37,600043310
FXN56,600043314
FXN58,600043315
FXN63,600043316
FXN66,600043317
FXN67,600043318
FXN74,600043319
FXN75,600043320
FXN94,600043326
FXN96,600043328
FXP23,600043333
FXP29,600034127
FXP50,600043340
FXP56,600043344
FXP64,600038056
FXP75,600043347
FXP84,600043654
FXP86,600043351
FXP89,600038802
FXP91,600040363
FXP92,600043352
FXQ03,600043354
FXQ05,600038054
FXQ07,600033273
FXQ19,600033378
FXQ26,600043359
FXQ44,600043364
FXQ52,600043366
FXQ63,600043367
FXQ67,600043368
FXQ69,600043369
FXQ70,600001131
FXQ73,600043370
FXQ88,600043373
FXR02,600037631
FXR28,600099131
FXR61,600043711
FXR66,600043385
FXR69,600038620
FXR73,600043386
FXR74,600043387
FXR89,600043388
FXR93,600043686
FXT05,600043391
FXT06,600000207
FXT20,600033370
FXT27,600043394
FXT40,600043399
FXT56,600043401
FXT87,600043404
FXT92,600042046
FXV01,600043405
FXV06,600043406
FXV08,600043407
FXV19,600085961
FXV23,600043312
FXV25,600043410
FXV31,600043412
FXV39,600043415
FXV40,600043856
FXV50,600043417
FXV63,600043421
FXV74,600000383
FXV76,600043424
FXV77,600043425
FXW22,600044071
FXW30,600038207
FXW32,600042127
FXW36,600043431
FXW37,600043432
FXW48,600034145
FXW56,600043433
FXW64,600043435
FXW67,600043436
FXW68,600034889
FXX00,600041759
FXX05,600033274
FXX19,600043440
FXX27,600043442
FXX30,600040561
FXX35,600043443
FXX52,600043445
FXX64,600043448
FXX72,600043450
FXX79,600043452
FXX86,600036281
FXY08,600000578
FXY14,600034410
FXY41,600033275
FXY55,600043458
FXY67,600043460
FXY77,600043462
FY004,600043467
FY051,600043472
FY054,600043473
FY055,600043474
FY060,600043475
FY068,600000673
FY111,600001230
FY163,600043482
FY179,600043484
FY188,600043485
FY190,600000438
FY192,600043486
FY215,600001246
FY261,600043491
FY287,600043493
FY319,600043495
FY321,600043496
FY324,600043497
FY348,600043498
FY364,600043500
FY368,600000568
FY374,600043501
FY386,600001036
FY420,600043507
FY425,600043509
FY463,600043513
FY475,600043516
FY485,600000982
FY495,600043517
FY542,600043520
FY618,600043525
FY620,600043526
FY647,600043529
FY670,600043531
FY671,600043532
FY672,600043533
FY677,600043534
FY680,600001231
FY681,600043535
FY689,600043536
FY694,600043538
FY700,600043540
FY708,600043541
FY725,600043542
FY731,600043543
FY746,600043546
FY754,600043547
FY785,600043550
FY822,600043552
FY942,600043560
FY948,600043561
FY954,600043563
FYA00,600043565
FYA07,600043567
FYA22,600043570
FYA25,600043571
FYA50,600035208
FYA78,600043573
FYA88,600043575
FYC15,600034827
FYC18,600040248
FYC35,600038937
FYC40,600036180
FYC67,600043578
FYC80,600040292
FYD28,600043587
FYD59,600043590
FYD76,600043592
FYE01,600043594
FYE25,600043598
FYE30,600040354
FYE61,600043602
FYE63,600043603
FYE94,600043607
FYF02,600035775
FYF03,600039465
FYF31,600043612
FYF57,600043613
FYF89,600036148
FYF97,600035189
FYG13,600043618
FYG74,600043623
FYG86,600043624
FYG95,600039834
FYH42,600043630
FYH80,600043633
FYH82,600035890
FYH83,600043634
FYH95,600035727
FYJ21,600043636
FYJ58,600000994
FYJ74,600038105
FYJ76,600043639
FYK96,600043645
FYL11,600043646
FYL18,600042788
FYL22,600042493
FYL45,600043648
FYL47,600043649
FYL65,600043651
FYL72,600043653
FYM04,600035942
FYM05,600094651
FYM15,600088731
FYM17,600043657
FYM93,600039382
FYN15,600043668
FYN24,600043670
FYN25,600039579
FYN39,600043671
FYN41,600033455
FYN42,600043672
FYN44,600043673
FYN65,600043678
FYQ04,600001188
FYQ11,600043689
FYQ18,600033565
FYQ20,600043690
FYQ21,600001256
FYQ29,600033500
FYQ55,600043693
FYQ91,600043700
FYR03,600037480
FYR12,600043703
FYR36,600043706
FYR37,600000404
FYR53,600043708
FYR56,600043710
FYR78,600043714
FYT07,600043718
FYT20,600041110
FYT27,600037888
FYT42,600038407
FYT65,600043723
FYT80,600038781
FYV08,600043725
FYV33,600043727
FYV46,600043729
FYV67,600043732
FYV68,600001237
FYV78,600043734
FYV82,600042769
FYW42,600040941
FYX05,600043739
FYX23,600043740
FYX55,600000199
FYX78,600001111
FYX84,600039243
FYY02,600043750
FYY37,600039434
FYY49,600040829
FYY65,600043756
FYY76,600043758
